-- phpMyAdmin SQL Dump
-- version 4.9.0.1
-- https://www.phpmyadmin.net/
--
-- Host: 127.0.0.1
-- Generation Time: May 11, 2020 at 04:51 PM
-- Server version: 10.3.16-MariaDB
-- PHP Version: 7.1.30

SET SQL_MODE = "NO_AUTO_VALUE_ON_ZERO";
SET AUTOCOMMIT = 0;
START TRANSACTION;
SET time_zone = "+00:00";


/*!40101 SET @OLD_CHARACTER_SET_CLIENT=@@CHARACTER_SET_CLIENT */;
/*!40101 SET @OLD_CHARACTER_SET_RESULTS=@@CHARACTER_SET_RESULTS */;
/*!40101 SET @OLD_COLLATION_CONNECTION=@@COLLATION_CONNECTION */;
/*!40101 SET NAMES utf8mb4 */;

--
-- Database: `hair.com`
--

-- --------------------------------------------------------

--
-- Table structure for table `tblappointments`
--

CREATE TABLE `tblappointments` (
  `apptID` int(11) NOT NULL,
  `serviceID` int(10) NOT NULL,
  `customerID` int(10) NOT NULL,
  `stylistID` int(10) NOT NULL,
  `slotID` int(255) UNSIGNED NOT NULL,
  `money_in` decimal(13,2) NOT NULL,
  `tip` decimal(13,2) DEFAULT NULL,
  `complete` tinyint(1) NOT NULL
) ENGINE=InnoDB DEFAULT CHARSET=latin1;

--
-- Dumping data for table `tblappointments`
--

INSERT INTO `tblappointments` (`apptID`, `serviceID`, `customerID`, `stylistID`, `slotID`, `money_in`, `tip`, `complete`) VALUES
(22, 1, 3, 1, 290, '0.00', NULL, 0),
(24, 4, 9, 11, 292, '0.00', NULL, 0),
(27, 1, 6, 11, 367, '0.00', NULL, 0),
(28, 1, 6, 11, 321, '0.00', NULL, 0),
(32, 2, 8, 11, 389, '0.00', NULL, 0),
(33, 37, 6, 1, 389, '0.00', NULL, 0),
(34, 2, 3, 11, 318, '0.00', NULL, 0),
(35, 37, 35, 11, 377, '0.00', NULL, 0),
(36, 4, 1, 11, 415, '30.00', '0.00', 1),
(39, 37, 4, 11, 339, '0.00', NULL, 0),
(40, 37, 4, 11, 338, '0.00', NULL, 0),
(41, 2, 10, 11, 337, '0.00', NULL, 0),
(42, 4, 7, 11, 336, '0.00', NULL, 0),
(43, 37, 8, 11, 335, '0.00', NULL, 0),
(44, 2, 5, 11, 334, '0.00', NULL, 0),
(45, 4, 4, 11, 333, '0.00', NULL, 0),
(46, 37, 2, 11, 332, '40.00', NULL, 1),
(47, 4, 4, 11, 331, '0.00', NULL, 0),
(49, 2, 6, 11, 329, '0.00', NULL, 0),
(50, 37, 9, 11, 328, '0.00', NULL, 0),
(51, 1, 6, 11, 327, '0.00', NULL, 0),
(52, 2, 3, 11, 326, '0.00', NULL, 0),
(53, 4, 3, 11, 324, '30.00', '5.00', 1),
(56, 2, 35, 10, 324, '15.00', NULL, 1),
(58, 1, 2, 11, 342, '130.00', NULL, 1),
(61, 37, 4, 11, 325, '0.00', NULL, 0),
(62, 1, 5, 1, 324, '10.00', '5.00', 1),
(64, 2, 6, 10, 325, '15.00', NULL, 1),
(67, 38, 8, 10, 326, '90.00', NULL, 1),
(71, 38, 7, 10, 364, '90.00', '10.00', 1),
(75, 4, 6, 11, 347, '0.00', NULL, 0),
(77, 1, 11, 10, 356, '0.00', NULL, 0),
(78, 1, 3, 10, 358, '15.00', '5.00', 1),
(79, 1, 6, 10, 359, '0.00', NULL, 0),
(80, 1, 2, 1, 408, '10.00', NULL, 1),
(82, 1, 5, 1, 410, '0.00', NULL, 0),
(84, 4, 1, 10, 408, '0.00', NULL, 0),
(87, 1, 6, 1, 418, '0.00', NULL, 0),
(88, 1, 5, 11, 511, '0.00', NULL, 0),
(90, 2, 5, 11, 540, '0.00', NULL, 0),
(91, 1, 5, 11, 408, '10.00', '10.00', 1),
(94, 38, 39, 10, 41, '100.00', NULL, 1),
(104, 1, 2, 10, 576, '0.00', NULL, 0),
(109, 2, 39, 11, 576, '0.00', NULL, 0),
(111, 2, 39, 10, 476, '15.00', '10.00', 1),
(112, 2, 39, 10, 493, '0.00', NULL, 0),
(113, 2, 39, 10, 445, '15.00', '5.00', 1),
(114, 2, 4, 10, 412, '0.00', NULL, 0),
(117, 4, 9, 1, 425, '200.00', '50.00', 1),
(119, 4, 9, 1, 440, '0.00', NULL, 0),
(120, 38, 9, 11, 575, '0.00', NULL, 0),
(121, 1, 2, 11, 409, '10.00', '5.00', 1),
(122, 37, 4, 11, 410, '0.00', NULL, 0),
(123, 38, 9, 1, 409, '90.00', '15.00', 1),
(124, 1, 5, 1, 411, '15.00', '5.00', 1),
(125, 2, 3, 1, 423, '0.00', NULL, 0),
(126, 1, 5, 1, 422, '0.00', NULL, 0),
(127, 1, 2, 1, 457, '0.00', NULL, 0),
(128, 1, 2, 1, 527, '0.00', NULL, 0);

-- --------------------------------------------------------

--
-- Table structure for table `tblhairanalysis`
--

CREATE TABLE `tblhairanalysis` (
  `analysisNo` int(10) NOT NULL,
  `customerID` int(10) NOT NULL,
  `texture` int(1) DEFAULT NULL,
  `hairCondition` int(1) DEFAULT NULL,
  `naturalForm` int(1) DEFAULT NULL,
  `skinTestDate` date NOT NULL,
  `result` text NOT NULL
) ENGINE=InnoDB DEFAULT CHARSET=latin1;

--
-- Dumping data for table `tblhairanalysis`
--

INSERT INTO `tblhairanalysis` (`analysisNo`, `customerID`, `texture`, `hairCondition`, `naturalForm`, `skinTestDate`, `result`) VALUES
(1, 9, 1, 1, 0, '2019-04-30', 'No reaction'),
(2, 9, 1, 1, 0, '2019-06-02', 'No reaction'),
(5, 1, 2, 1, 0, '2019-12-17', 'No reaction'),
(6, 2, 0, 0, 0, '2019-03-21', 'No reaction'),
(20, 9, 1, 1, 0, '2019-01-05', 'A little reddening of the area but not related to the skin test'),
(22, 37, 2, 1, 0, '2020-01-05', 'No reaction'),
(35, 38, 2, 1, 2, '2018-06-27', 'No reaction'),
(36, 3, 0, 1, 0, '2018-08-31', 'No reaction'),
(39, 2, 0, 0, 0, '2020-03-05', 'No reaction'),
(40, 5, 0, 0, 1, '2020-03-05', 'No reaction'),
(41, 5, 0, 0, 1, '2020-05-03', 'No reaction');

-- --------------------------------------------------------

--
-- Table structure for table `tblservices`
--

CREATE TABLE `tblservices` (
  `serviceID` int(10) NOT NULL,
  `serviceName` varchar(50) NOT NULL,
  `durationMins` int(4) NOT NULL,
  `devTime` tinyint(1) NOT NULL,
  `cost` decimal(13,2) NOT NULL,
  `active` tinyint(1) NOT NULL
) ENGINE=InnoDB DEFAULT CHARSET=latin1;

--
-- Dumping data for table `tblservices`
--

INSERT INTO `tblservices` (`serviceID`, `serviceName`, `durationMins`, `devTime`, `cost`, `active`) VALUES
(1, 'Gent dry cut', 30, 0, '10.00', 1),
(2, 'Ladies Long Hair Blow Dry', 30, 0, '15.00', 1),
(4, 'Ladies Cut Wash and Blow-dry ', 60, 0, '30.00', 1),
(37, 'Perm', 90, 0, '40.00', 1),
(38, 'Wash, colour, cut and blow dry', 120, 1, '90.00', 1);

-- --------------------------------------------------------

--
-- Table structure for table `tblslots`
--

CREATE TABLE `tblslots` (
  `slotID` int(255) UNSIGNED NOT NULL,
  `start_event` datetime NOT NULL,
  `end_event` datetime NOT NULL
) ENGINE=InnoDB DEFAULT CHARSET=latin1;

--
-- Dumping data for table `tblslots`
--

INSERT INTO `tblslots` (`slotID`, `start_event`, `end_event`) VALUES
(1, '2020-04-01 09:00:00', '2020-04-01 09:30:00'),
(2, '2020-04-01 09:30:00', '2020-04-01 10:00:00'),
(3, '2020-04-01 10:00:00', '2020-04-01 10:30:00'),
(4, '2020-04-01 10:30:00', '2020-04-01 11:00:00'),
(5, '2020-04-01 11:00:00', '2020-04-01 11:30:00'),
(6, '2020-04-01 11:30:00', '2020-04-01 12:00:00'),
(7, '2020-04-01 12:00:00', '2020-04-01 12:30:00'),
(8, '2020-04-01 12:30:00', '2020-04-01 13:00:00'),
(9, '2020-04-01 13:00:00', '2020-04-01 13:30:00'),
(10, '2020-04-01 13:30:00', '2020-04-01 14:00:00'),
(11, '2020-04-01 14:00:00', '2020-04-01 14:30:00'),
(12, '2020-04-01 14:30:00', '2020-04-01 15:00:00'),
(13, '2020-04-01 15:00:00', '2020-04-01 15:30:00'),
(14, '2020-04-01 15:30:00', '2020-04-01 16:00:00'),
(15, '2020-04-01 16:00:00', '2020-04-01 16:30:00'),
(16, '2020-04-01 16:30:00', '2020-04-01 17:00:00'),
(18, '2020-04-02 09:00:00', '2020-04-02 09:30:00'),
(19, '2020-04-02 09:30:00', '2020-04-02 10:00:00'),
(20, '2020-04-02 10:00:00', '2020-04-02 10:30:00'),
(21, '2020-04-02 10:30:00', '2020-04-02 11:00:00'),
(22, '2020-04-02 11:00:00', '2020-04-02 11:30:00'),
(23, '2020-04-02 11:30:00', '2020-04-02 12:00:00'),
(24, '2020-04-02 12:00:00', '2020-04-02 12:30:00'),
(25, '2020-04-02 12:30:00', '2020-04-02 13:00:00'),
(26, '2020-04-02 13:00:00', '2020-04-02 13:30:00'),
(27, '2020-04-02 13:30:00', '2020-04-02 14:00:00'),
(28, '2020-04-02 14:00:00', '2020-04-02 14:30:00'),
(29, '2020-04-02 14:30:00', '2020-04-02 15:00:00'),
(30, '2020-04-02 15:00:00', '2020-04-02 15:30:00'),
(31, '2020-04-02 15:30:00', '2020-04-02 16:00:00'),
(32, '2020-04-02 16:00:00', '2020-04-02 16:30:00'),
(33, '2020-04-02 16:30:00', '2020-04-02 17:00:00'),
(35, '2020-04-03 09:00:00', '2020-04-03 09:30:00'),
(36, '2020-04-03 09:30:00', '2020-04-03 10:00:00'),
(37, '2020-04-03 10:00:00', '2020-04-03 10:30:00'),
(38, '2020-04-03 10:30:00', '2020-04-03 11:00:00'),
(39, '2020-04-03 11:00:00', '2020-04-03 11:30:00'),
(40, '2020-04-03 11:30:00', '2020-04-03 12:00:00'),
(41, '2020-04-03 12:00:00', '2020-04-03 12:30:00'),
(42, '2020-04-03 12:30:00', '2020-04-03 13:00:00'),
(43, '2020-04-03 13:00:00', '2020-04-03 13:30:00'),
(44, '2020-04-03 13:30:00', '2020-04-03 14:00:00'),
(45, '2020-04-03 14:00:00', '2020-04-03 14:30:00'),
(46, '2020-04-03 14:30:00', '2020-04-03 15:00:00'),
(47, '2020-04-03 15:00:00', '2020-04-03 15:30:00'),
(48, '2020-04-03 15:30:00', '2020-04-03 16:00:00'),
(49, '2020-04-03 16:00:00', '2020-04-03 16:30:00'),
(50, '2020-04-03 16:30:00', '2020-04-03 17:00:00'),
(52, '2020-04-04 09:00:00', '2020-04-04 09:30:00'),
(53, '2020-04-04 09:30:00', '2020-04-04 10:00:00'),
(54, '2020-04-04 10:00:00', '2020-04-04 10:30:00'),
(55, '2020-04-04 10:30:00', '2020-04-04 11:00:00'),
(56, '2020-04-04 11:00:00', '2020-04-04 11:30:00'),
(57, '2020-04-04 11:30:00', '2020-04-04 12:00:00'),
(58, '2020-04-04 12:00:00', '2020-04-04 12:30:00'),
(59, '2020-04-04 12:30:00', '2020-04-04 13:00:00'),
(60, '2020-04-04 13:00:00', '2020-04-04 13:30:00'),
(61, '2020-04-04 13:30:00', '2020-04-04 14:00:00'),
(62, '2020-04-04 14:00:00', '2020-04-04 14:30:00'),
(63, '2020-04-04 14:30:00', '2020-04-04 15:00:00'),
(64, '2020-04-04 15:00:00', '2020-04-04 15:30:00'),
(65, '2020-04-04 15:30:00', '2020-04-04 16:00:00'),
(66, '2020-04-04 16:00:00', '2020-04-04 16:30:00'),
(67, '2020-04-04 16:30:00', '2020-04-04 17:00:00'),
(69, '2020-04-07 09:00:00', '2020-04-07 09:30:00'),
(70, '2020-04-07 09:30:00', '2020-04-07 10:00:00'),
(71, '2020-04-07 10:00:00', '2020-04-07 10:30:00'),
(72, '2020-04-07 10:30:00', '2020-04-07 11:00:00'),
(73, '2020-04-07 11:00:00', '2020-04-07 11:30:00'),
(74, '2020-04-07 11:30:00', '2020-04-07 12:00:00'),
(75, '2020-04-07 12:00:00', '2020-04-07 12:30:00'),
(76, '2020-04-07 12:30:00', '2020-04-07 13:00:00'),
(77, '2020-04-07 13:00:00', '2020-04-07 13:30:00'),
(78, '2020-04-07 13:30:00', '2020-04-07 14:00:00'),
(79, '2020-04-07 14:00:00', '2020-04-07 14:30:00'),
(80, '2020-04-07 14:30:00', '2020-04-07 15:00:00'),
(81, '2020-04-07 15:00:00', '2020-04-07 15:30:00'),
(82, '2020-04-07 15:30:00', '2020-04-07 16:00:00'),
(83, '2020-04-07 16:00:00', '2020-04-07 16:30:00'),
(84, '2020-04-07 16:30:00', '2020-04-07 17:00:00'),
(86, '2020-04-08 09:00:00', '2020-04-08 09:30:00'),
(87, '2020-04-08 09:30:00', '2020-04-08 10:00:00'),
(88, '2020-04-08 10:00:00', '2020-04-08 10:30:00'),
(89, '2020-04-08 10:30:00', '2020-04-08 11:00:00'),
(90, '2020-04-08 11:00:00', '2020-04-08 11:30:00'),
(91, '2020-04-08 11:30:00', '2020-04-08 12:00:00'),
(92, '2020-04-08 12:00:00', '2020-04-08 12:30:00'),
(93, '2020-04-08 12:30:00', '2020-04-08 13:00:00'),
(94, '2020-04-08 13:00:00', '2020-04-08 13:30:00'),
(95, '2020-04-08 13:30:00', '2020-04-08 14:00:00'),
(96, '2020-04-08 14:00:00', '2020-04-08 14:30:00'),
(97, '2020-04-08 14:30:00', '2020-04-08 15:00:00'),
(98, '2020-04-08 15:00:00', '2020-04-08 15:30:00'),
(99, '2020-04-08 15:30:00', '2020-04-08 16:00:00'),
(100, '2020-04-08 16:00:00', '2020-04-08 16:30:00'),
(101, '2020-04-08 16:30:00', '2020-04-08 17:00:00'),
(103, '2020-04-09 09:00:00', '2020-04-09 09:30:00'),
(104, '2020-04-09 09:30:00', '2020-04-09 10:00:00'),
(105, '2020-04-09 10:00:00', '2020-04-09 10:30:00'),
(106, '2020-04-09 10:30:00', '2020-04-09 11:00:00'),
(107, '2020-04-09 11:00:00', '2020-04-09 11:30:00'),
(108, '2020-04-09 11:30:00', '2020-04-09 12:00:00'),
(109, '2020-04-09 12:00:00', '2020-04-09 12:30:00'),
(110, '2020-04-09 12:30:00', '2020-04-09 13:00:00'),
(111, '2020-04-09 13:00:00', '2020-04-09 13:30:00'),
(112, '2020-04-09 13:30:00', '2020-04-09 14:00:00'),
(113, '2020-04-09 14:00:00', '2020-04-09 14:30:00'),
(114, '2020-04-09 14:30:00', '2020-04-09 15:00:00'),
(115, '2020-04-09 15:00:00', '2020-04-09 15:30:00'),
(116, '2020-04-09 15:30:00', '2020-04-09 16:00:00'),
(117, '2020-04-09 16:00:00', '2020-04-09 16:30:00'),
(118, '2020-04-09 16:30:00', '2020-04-09 17:00:00'),
(120, '2020-04-10 09:00:00', '2020-04-10 09:30:00'),
(121, '2020-04-10 09:30:00', '2020-04-10 10:00:00'),
(122, '2020-04-10 10:00:00', '2020-04-10 10:30:00'),
(123, '2020-04-10 10:30:00', '2020-04-10 11:00:00'),
(124, '2020-04-10 11:00:00', '2020-04-10 11:30:00'),
(125, '2020-04-10 11:30:00', '2020-04-10 12:00:00'),
(126, '2020-04-10 12:00:00', '2020-04-10 12:30:00'),
(127, '2020-04-10 12:30:00', '2020-04-10 13:00:00'),
(128, '2020-04-10 13:00:00', '2020-04-10 13:30:00'),
(129, '2020-04-10 13:30:00', '2020-04-10 14:00:00'),
(130, '2020-04-10 14:00:00', '2020-04-10 14:30:00'),
(131, '2020-04-10 14:30:00', '2020-04-10 15:00:00'),
(132, '2020-04-10 15:00:00', '2020-04-10 15:30:00'),
(133, '2020-04-10 15:30:00', '2020-04-10 16:00:00'),
(134, '2020-04-10 16:00:00', '2020-04-10 16:30:00'),
(135, '2020-04-10 16:30:00', '2020-04-10 17:00:00'),
(137, '2020-04-11 09:00:00', '2020-04-11 09:30:00'),
(138, '2020-04-11 09:30:00', '2020-04-11 10:00:00'),
(139, '2020-04-11 10:00:00', '2020-04-11 10:30:00'),
(140, '2020-04-11 10:30:00', '2020-04-11 11:00:00'),
(141, '2020-04-11 11:00:00', '2020-04-11 11:30:00'),
(142, '2020-04-11 11:30:00', '2020-04-11 12:00:00'),
(143, '2020-04-11 12:00:00', '2020-04-11 12:30:00'),
(144, '2020-04-11 12:30:00', '2020-04-11 13:00:00'),
(145, '2020-04-11 13:00:00', '2020-04-11 13:30:00'),
(146, '2020-04-11 13:30:00', '2020-04-11 14:00:00'),
(147, '2020-04-11 14:00:00', '2020-04-11 14:30:00'),
(148, '2020-04-11 14:30:00', '2020-04-11 15:00:00'),
(149, '2020-04-11 15:00:00', '2020-04-11 15:30:00'),
(150, '2020-04-11 15:30:00', '2020-04-11 16:00:00'),
(151, '2020-04-11 16:00:00', '2020-04-11 16:30:00'),
(152, '2020-04-11 16:30:00', '2020-04-11 17:00:00'),
(154, '2020-04-14 09:00:00', '2020-04-14 09:30:00'),
(155, '2020-04-14 09:30:00', '2020-04-14 10:00:00'),
(156, '2020-04-14 10:00:00', '2020-04-14 10:30:00'),
(157, '2020-04-14 10:30:00', '2020-04-14 11:00:00'),
(158, '2020-04-14 11:00:00', '2020-04-14 11:30:00'),
(159, '2020-04-14 11:30:00', '2020-04-14 12:00:00'),
(160, '2020-04-14 12:00:00', '2020-04-14 12:30:00'),
(161, '2020-04-14 12:30:00', '2020-04-14 13:00:00'),
(162, '2020-04-14 13:00:00', '2020-04-14 13:30:00'),
(163, '2020-04-14 13:30:00', '2020-04-14 14:00:00'),
(164, '2020-04-14 14:00:00', '2020-04-14 14:30:00'),
(165, '2020-04-14 14:30:00', '2020-04-14 15:00:00'),
(166, '2020-04-14 15:00:00', '2020-04-14 15:30:00'),
(167, '2020-04-14 15:30:00', '2020-04-14 16:00:00'),
(168, '2020-04-14 16:00:00', '2020-04-14 16:30:00'),
(169, '2020-04-14 16:30:00', '2020-04-14 17:00:00'),
(171, '2020-04-15 09:00:00', '2020-04-15 09:30:00'),
(172, '2020-04-15 09:30:00', '2020-04-15 10:00:00'),
(173, '2020-04-15 10:00:00', '2020-04-15 10:30:00'),
(174, '2020-04-15 10:30:00', '2020-04-15 11:00:00'),
(175, '2020-04-15 11:00:00', '2020-04-15 11:30:00'),
(176, '2020-04-15 11:30:00', '2020-04-15 12:00:00'),
(177, '2020-04-15 12:00:00', '2020-04-15 12:30:00'),
(178, '2020-04-15 12:30:00', '2020-04-15 13:00:00'),
(179, '2020-04-15 13:00:00', '2020-04-15 13:30:00'),
(180, '2020-04-15 13:30:00', '2020-04-15 14:00:00'),
(181, '2020-04-15 14:00:00', '2020-04-15 14:30:00'),
(182, '2020-04-15 14:30:00', '2020-04-15 15:00:00'),
(183, '2020-04-15 15:00:00', '2020-04-15 15:30:00'),
(184, '2020-04-15 15:30:00', '2020-04-15 16:00:00'),
(185, '2020-04-15 16:00:00', '2020-04-15 16:30:00'),
(186, '2020-04-15 16:30:00', '2020-04-15 17:00:00'),
(188, '2020-04-16 09:00:00', '2020-04-16 09:30:00'),
(189, '2020-04-16 09:30:00', '2020-04-16 10:00:00'),
(190, '2020-04-16 10:00:00', '2020-04-16 10:30:00'),
(191, '2020-04-16 10:30:00', '2020-04-16 11:00:00'),
(192, '2020-04-16 11:00:00', '2020-04-16 11:30:00'),
(193, '2020-04-16 11:30:00', '2020-04-16 12:00:00'),
(194, '2020-04-16 12:00:00', '2020-04-16 12:30:00'),
(195, '2020-04-16 12:30:00', '2020-04-16 13:00:00'),
(196, '2020-04-16 13:00:00', '2020-04-16 13:30:00'),
(197, '2020-04-16 13:30:00', '2020-04-16 14:00:00'),
(198, '2020-04-16 14:00:00', '2020-04-16 14:30:00'),
(199, '2020-04-16 14:30:00', '2020-04-16 15:00:00'),
(200, '2020-04-16 15:00:00', '2020-04-16 15:30:00'),
(201, '2020-04-16 15:30:00', '2020-04-16 16:00:00'),
(202, '2020-04-16 16:00:00', '2020-04-16 16:30:00'),
(203, '2020-04-16 16:30:00', '2020-04-16 17:00:00'),
(205, '2020-04-17 09:00:00', '2020-04-17 09:30:00'),
(206, '2020-04-17 09:30:00', '2020-04-17 10:00:00'),
(207, '2020-04-17 10:00:00', '2020-04-17 10:30:00'),
(208, '2020-04-17 10:30:00', '2020-04-17 11:00:00'),
(209, '2020-04-17 11:00:00', '2020-04-17 11:30:00'),
(210, '2020-04-17 11:30:00', '2020-04-17 12:00:00'),
(211, '2020-04-17 12:00:00', '2020-04-17 12:30:00'),
(212, '2020-04-17 12:30:00', '2020-04-17 13:00:00'),
(213, '2020-04-17 13:00:00', '2020-04-17 13:30:00'),
(214, '2020-04-17 13:30:00', '2020-04-17 14:00:00'),
(215, '2020-04-17 14:00:00', '2020-04-17 14:30:00'),
(216, '2020-04-17 14:30:00', '2020-04-17 15:00:00'),
(217, '2020-04-17 15:00:00', '2020-04-17 15:30:00'),
(218, '2020-04-17 15:30:00', '2020-04-17 16:00:00'),
(219, '2020-04-17 16:00:00', '2020-04-17 16:30:00'),
(220, '2020-04-17 16:30:00', '2020-04-17 17:00:00'),
(222, '2020-04-18 09:00:00', '2020-04-18 09:30:00'),
(223, '2020-04-18 09:30:00', '2020-04-18 10:00:00'),
(224, '2020-04-18 10:00:00', '2020-04-18 10:30:00'),
(225, '2020-04-18 10:30:00', '2020-04-18 11:00:00'),
(226, '2020-04-18 11:00:00', '2020-04-18 11:30:00'),
(227, '2020-04-18 11:30:00', '2020-04-18 12:00:00'),
(228, '2020-04-18 12:00:00', '2020-04-18 12:30:00'),
(229, '2020-04-18 12:30:00', '2020-04-18 13:00:00'),
(230, '2020-04-18 13:00:00', '2020-04-18 13:30:00'),
(231, '2020-04-18 13:30:00', '2020-04-18 14:00:00'),
(232, '2020-04-18 14:00:00', '2020-04-18 14:30:00'),
(233, '2020-04-18 14:30:00', '2020-04-18 15:00:00'),
(234, '2020-04-18 15:00:00', '2020-04-18 15:30:00'),
(235, '2020-04-18 15:30:00', '2020-04-18 16:00:00'),
(236, '2020-04-18 16:00:00', '2020-04-18 16:30:00'),
(237, '2020-04-18 16:30:00', '2020-04-18 17:00:00'),
(239, '2020-04-21 09:00:00', '2020-04-21 09:30:00'),
(240, '2020-04-21 09:30:00', '2020-04-21 10:00:00'),
(241, '2020-04-21 10:00:00', '2020-04-21 10:30:00'),
(242, '2020-04-21 10:30:00', '2020-04-21 11:00:00'),
(243, '2020-04-21 11:00:00', '2020-04-21 11:30:00'),
(244, '2020-04-21 11:30:00', '2020-04-21 12:00:00'),
(245, '2020-04-21 12:00:00', '2020-04-21 12:30:00'),
(246, '2020-04-21 12:30:00', '2020-04-21 13:00:00'),
(247, '2020-04-21 13:00:00', '2020-04-21 13:30:00'),
(248, '2020-04-21 13:30:00', '2020-04-21 14:00:00'),
(249, '2020-04-21 14:00:00', '2020-04-21 14:30:00'),
(250, '2020-04-21 14:30:00', '2020-04-21 15:00:00'),
(251, '2020-04-21 15:00:00', '2020-04-21 15:30:00'),
(252, '2020-04-21 15:30:00', '2020-04-21 16:00:00'),
(253, '2020-04-21 16:00:00', '2020-04-21 16:30:00'),
(254, '2020-04-21 16:30:00', '2020-04-21 17:00:00'),
(256, '2020-04-22 09:00:00', '2020-04-22 09:30:00'),
(257, '2020-04-22 09:30:00', '2020-04-22 10:00:00'),
(258, '2020-04-22 10:00:00', '2020-04-22 10:30:00'),
(259, '2020-04-22 10:30:00', '2020-04-22 11:00:00'),
(260, '2020-04-22 11:00:00', '2020-04-22 11:30:00'),
(261, '2020-04-22 11:30:00', '2020-04-22 12:00:00'),
(262, '2020-04-22 12:00:00', '2020-04-22 12:30:00'),
(263, '2020-04-22 12:30:00', '2020-04-22 13:00:00'),
(264, '2020-04-22 13:00:00', '2020-04-22 13:30:00'),
(265, '2020-04-22 13:30:00', '2020-04-22 14:00:00'),
(266, '2020-04-22 14:00:00', '2020-04-22 14:30:00'),
(267, '2020-04-22 14:30:00', '2020-04-22 15:00:00'),
(268, '2020-04-22 15:00:00', '2020-04-22 15:30:00'),
(269, '2020-04-22 15:30:00', '2020-04-22 16:00:00'),
(270, '2020-04-22 16:00:00', '2020-04-22 16:30:00'),
(271, '2020-04-22 16:30:00', '2020-04-22 17:00:00'),
(273, '2020-04-23 09:00:00', '2020-04-23 09:30:00'),
(274, '2020-04-23 09:30:00', '2020-04-23 10:00:00'),
(275, '2020-04-23 10:00:00', '2020-04-23 10:30:00'),
(276, '2020-04-23 10:30:00', '2020-04-23 11:00:00'),
(277, '2020-04-23 11:00:00', '2020-04-23 11:30:00'),
(278, '2020-04-23 11:30:00', '2020-04-23 12:00:00'),
(279, '2020-04-23 12:00:00', '2020-04-23 12:30:00'),
(280, '2020-04-23 12:30:00', '2020-04-23 13:00:00'),
(281, '2020-04-23 13:00:00', '2020-04-23 13:30:00'),
(282, '2020-04-23 13:30:00', '2020-04-23 14:00:00'),
(283, '2020-04-23 14:00:00', '2020-04-23 14:30:00'),
(284, '2020-04-23 14:30:00', '2020-04-23 15:00:00'),
(285, '2020-04-23 15:00:00', '2020-04-23 15:30:00'),
(286, '2020-04-23 15:30:00', '2020-04-23 16:00:00'),
(287, '2020-04-23 16:00:00', '2020-04-23 16:30:00'),
(288, '2020-04-23 16:30:00', '2020-04-23 17:00:00'),
(290, '2020-04-24 09:00:00', '2020-04-24 09:30:00'),
(291, '2020-04-24 09:30:00', '2020-04-24 10:00:00'),
(292, '2020-04-24 10:00:00', '2020-04-24 10:30:00'),
(293, '2020-04-24 10:30:00', '2020-04-24 11:00:00'),
(294, '2020-04-24 11:00:00', '2020-04-24 11:30:00'),
(295, '2020-04-24 11:30:00', '2020-04-24 12:00:00'),
(296, '2020-04-24 12:00:00', '2020-04-24 12:30:00'),
(297, '2020-04-24 12:30:00', '2020-04-24 13:00:00'),
(298, '2020-04-24 13:00:00', '2020-04-24 13:30:00'),
(299, '2020-04-24 13:30:00', '2020-04-24 14:00:00'),
(300, '2020-04-24 14:00:00', '2020-04-24 14:30:00'),
(301, '2020-04-24 14:30:00', '2020-04-24 15:00:00'),
(302, '2020-04-24 15:00:00', '2020-04-24 15:30:00'),
(303, '2020-04-24 15:30:00', '2020-04-24 16:00:00'),
(304, '2020-04-24 16:00:00', '2020-04-24 16:30:00'),
(305, '2020-04-24 16:30:00', '2020-04-24 17:00:00'),
(307, '2020-04-25 09:00:00', '2020-04-25 09:30:00'),
(308, '2020-04-25 09:30:00', '2020-04-25 10:00:00'),
(309, '2020-04-25 10:00:00', '2020-04-25 10:30:00'),
(310, '2020-04-25 10:30:00', '2020-04-25 11:00:00'),
(311, '2020-04-25 11:00:00', '2020-04-25 11:30:00'),
(312, '2020-04-25 11:30:00', '2020-04-25 12:00:00'),
(313, '2020-04-25 12:00:00', '2020-04-25 12:30:00'),
(314, '2020-04-25 12:30:00', '2020-04-25 13:00:00'),
(315, '2020-04-25 13:00:00', '2020-04-25 13:30:00'),
(316, '2020-04-25 13:30:00', '2020-04-25 14:00:00'),
(317, '2020-04-25 14:00:00', '2020-04-25 14:30:00'),
(318, '2020-04-25 14:30:00', '2020-04-25 15:00:00'),
(319, '2020-04-25 15:00:00', '2020-04-25 15:30:00'),
(320, '2020-04-25 15:30:00', '2020-04-25 16:00:00'),
(321, '2020-04-25 16:00:00', '2020-04-25 16:30:00'),
(322, '2020-04-25 16:30:00', '2020-04-25 17:00:00'),
(324, '2020-04-28 09:00:00', '2020-04-28 09:30:00'),
(325, '2020-04-28 09:30:00', '2020-04-28 10:00:00'),
(326, '2020-04-28 10:00:00', '2020-04-28 10:30:00'),
(327, '2020-04-28 10:30:00', '2020-04-28 11:00:00'),
(328, '2020-04-28 11:00:00', '2020-04-28 11:30:00'),
(329, '2020-04-28 11:30:00', '2020-04-28 12:00:00'),
(330, '2020-04-28 12:00:00', '2020-04-28 12:30:00'),
(331, '2020-04-28 12:30:00', '2020-04-28 13:00:00'),
(332, '2020-04-28 13:00:00', '2020-04-28 13:30:00'),
(333, '2020-04-28 13:30:00', '2020-04-28 14:00:00'),
(334, '2020-04-28 14:00:00', '2020-04-28 14:30:00'),
(335, '2020-04-28 14:30:00', '2020-04-28 15:00:00'),
(336, '2020-04-28 15:00:00', '2020-04-28 15:30:00'),
(337, '2020-04-28 15:30:00', '2020-04-28 16:00:00'),
(338, '2020-04-28 16:00:00', '2020-04-28 16:30:00'),
(339, '2020-04-28 16:30:00', '2020-04-28 17:00:00'),
(341, '2020-04-29 09:00:00', '2020-04-29 09:30:00'),
(342, '2020-04-29 09:30:00', '2020-04-29 10:00:00'),
(343, '2020-04-29 10:00:00', '2020-04-29 10:30:00'),
(344, '2020-04-29 10:30:00', '2020-04-29 11:00:00'),
(345, '2020-04-29 11:00:00', '2020-04-29 11:30:00'),
(346, '2020-04-29 11:30:00', '2020-04-29 12:00:00'),
(347, '2020-04-29 12:00:00', '2020-04-29 12:30:00'),
(348, '2020-04-29 12:30:00', '2020-04-29 13:00:00'),
(349, '2020-04-29 13:00:00', '2020-04-29 13:30:00'),
(350, '2020-04-29 13:30:00', '2020-04-29 14:00:00'),
(351, '2020-04-29 14:00:00', '2020-04-29 14:30:00'),
(352, '2020-04-29 14:30:00', '2020-04-29 15:00:00'),
(353, '2020-04-29 15:00:00', '2020-04-29 15:30:00'),
(354, '2020-04-29 15:30:00', '2020-04-29 16:00:00'),
(355, '2020-04-29 16:00:00', '2020-04-29 16:30:00'),
(356, '2020-04-29 16:30:00', '2020-04-29 17:00:00'),
(358, '2020-04-30 09:00:00', '2020-04-30 09:30:00'),
(359, '2020-04-30 09:30:00', '2020-04-30 10:00:00'),
(360, '2020-04-30 10:00:00', '2020-04-30 10:30:00'),
(361, '2020-04-30 10:30:00', '2020-04-30 11:00:00'),
(362, '2020-04-30 11:00:00', '2020-04-30 11:30:00'),
(363, '2020-04-30 11:30:00', '2020-04-30 12:00:00'),
(364, '2020-04-30 12:00:00', '2020-04-30 12:30:00'),
(365, '2020-04-30 12:30:00', '2020-04-30 13:00:00'),
(366, '2020-04-30 13:00:00', '2020-04-30 13:30:00'),
(367, '2020-04-30 13:30:00', '2020-04-30 14:00:00'),
(368, '2020-04-30 14:00:00', '2020-04-30 14:30:00'),
(369, '2020-04-30 14:30:00', '2020-04-30 15:00:00'),
(370, '2020-04-30 15:00:00', '2020-04-30 15:30:00'),
(371, '2020-04-30 15:30:00', '2020-04-30 16:00:00'),
(372, '2020-04-30 16:00:00', '2020-04-30 16:30:00'),
(373, '2020-04-30 16:30:00', '2020-04-30 17:00:00'),
(374, '2020-05-01 09:00:00', '2020-05-01 09:30:00'),
(375, '2020-05-01 09:30:00', '2020-05-01 10:00:00'),
(376, '2020-05-01 10:00:00', '2020-05-01 10:30:00'),
(377, '2020-05-01 10:30:00', '2020-05-01 11:00:00'),
(378, '2020-05-01 11:00:00', '2020-05-01 11:30:00'),
(379, '2020-05-01 11:30:00', '2020-05-01 12:00:00'),
(380, '2020-05-01 12:00:00', '2020-05-01 12:30:00'),
(381, '2020-05-01 12:30:00', '2020-05-01 13:00:00'),
(382, '2020-05-01 13:00:00', '2020-05-01 13:30:00'),
(383, '2020-05-01 13:30:00', '2020-05-01 14:00:00'),
(384, '2020-05-01 14:00:00', '2020-05-01 14:30:00'),
(385, '2020-05-01 14:30:00', '2020-05-01 15:00:00'),
(386, '2020-05-01 15:00:00', '2020-05-01 15:30:00'),
(387, '2020-05-01 15:30:00', '2020-05-01 16:00:00'),
(388, '2020-05-01 16:00:00', '2020-05-01 16:30:00'),
(389, '2020-05-01 16:30:00', '2020-05-01 17:00:00'),
(391, '2020-05-02 09:00:00', '2020-05-02 09:30:00'),
(392, '2020-05-02 09:30:00', '2020-05-02 10:00:00'),
(393, '2020-05-02 10:00:00', '2020-05-02 10:30:00'),
(394, '2020-05-02 10:30:00', '2020-05-02 11:00:00'),
(395, '2020-05-02 11:00:00', '2020-05-02 11:30:00'),
(396, '2020-05-02 11:30:00', '2020-05-02 12:00:00'),
(397, '2020-05-02 12:00:00', '2020-05-02 12:30:00'),
(398, '2020-05-02 12:30:00', '2020-05-02 13:00:00'),
(399, '2020-05-02 13:00:00', '2020-05-02 13:30:00'),
(400, '2020-05-02 13:30:00', '2020-05-02 14:00:00'),
(401, '2020-05-02 14:00:00', '2020-05-02 14:30:00'),
(402, '2020-05-02 14:30:00', '2020-05-02 15:00:00'),
(403, '2020-05-02 15:00:00', '2020-05-02 15:30:00'),
(404, '2020-05-02 15:30:00', '2020-05-02 16:00:00'),
(405, '2020-05-02 16:00:00', '2020-05-02 16:30:00'),
(406, '2020-05-02 16:30:00', '2020-05-02 17:00:00'),
(408, '2020-05-05 09:00:00', '2020-05-05 09:30:00'),
(409, '2020-05-05 09:30:00', '2020-05-05 10:00:00'),
(410, '2020-05-05 10:00:00', '2020-05-05 10:30:00'),
(411, '2020-05-05 10:30:00', '2020-05-05 11:00:00'),
(412, '2020-05-05 11:00:00', '2020-05-05 11:30:00'),
(413, '2020-05-05 11:30:00', '2020-05-05 12:00:00'),
(414, '2020-05-05 12:00:00', '2020-05-05 12:30:00'),
(415, '2020-05-05 12:30:00', '2020-05-05 13:00:00'),
(416, '2020-05-05 13:00:00', '2020-05-05 13:30:00'),
(417, '2020-05-05 13:30:00', '2020-05-05 14:00:00'),
(418, '2020-05-05 14:00:00', '2020-05-05 14:30:00'),
(419, '2020-05-05 14:30:00', '2020-05-05 15:00:00'),
(420, '2020-05-05 15:00:00', '2020-05-05 15:30:00'),
(421, '2020-05-05 15:30:00', '2020-05-05 16:00:00'),
(422, '2020-05-05 16:00:00', '2020-05-05 16:30:00'),
(423, '2020-05-05 16:30:00', '2020-05-05 17:00:00'),
(425, '2020-05-06 09:00:00', '2020-05-06 09:30:00'),
(426, '2020-05-06 09:30:00', '2020-05-06 10:00:00'),
(427, '2020-05-06 10:00:00', '2020-05-06 10:30:00'),
(428, '2020-05-06 10:30:00', '2020-05-06 11:00:00'),
(429, '2020-05-06 11:00:00', '2020-05-06 11:30:00'),
(430, '2020-05-06 11:30:00', '2020-05-06 12:00:00'),
(431, '2020-05-06 12:00:00', '2020-05-06 12:30:00'),
(432, '2020-05-06 12:30:00', '2020-05-06 13:00:00'),
(433, '2020-05-06 13:00:00', '2020-05-06 13:30:00'),
(434, '2020-05-06 13:30:00', '2020-05-06 14:00:00'),
(435, '2020-05-06 14:00:00', '2020-05-06 14:30:00'),
(436, '2020-05-06 14:30:00', '2020-05-06 15:00:00'),
(437, '2020-05-06 15:00:00', '2020-05-06 15:30:00'),
(438, '2020-05-06 15:30:00', '2020-05-06 16:00:00'),
(439, '2020-05-06 16:00:00', '2020-05-06 16:30:00'),
(440, '2020-05-06 16:30:00', '2020-05-06 17:00:00'),
(442, '2020-05-07 09:00:00', '2020-05-07 09:30:00'),
(443, '2020-05-07 09:30:00', '2020-05-07 10:00:00'),
(444, '2020-05-07 10:00:00', '2020-05-07 10:30:00'),
(445, '2020-05-07 10:30:00', '2020-05-07 11:00:00'),
(446, '2020-05-07 11:00:00', '2020-05-07 11:30:00'),
(447, '2020-05-07 11:30:00', '2020-05-07 12:00:00'),
(448, '2020-05-07 12:00:00', '2020-05-07 12:30:00'),
(449, '2020-05-07 12:30:00', '2020-05-07 13:00:00'),
(450, '2020-05-07 13:00:00', '2020-05-07 13:30:00'),
(451, '2020-05-07 13:30:00', '2020-05-07 14:00:00'),
(452, '2020-05-07 14:00:00', '2020-05-07 14:30:00'),
(453, '2020-05-07 14:30:00', '2020-05-07 15:00:00'),
(454, '2020-05-07 15:00:00', '2020-05-07 15:30:00'),
(455, '2020-05-07 15:30:00', '2020-05-07 16:00:00'),
(456, '2020-05-07 16:00:00', '2020-05-07 16:30:00'),
(457, '2020-05-07 16:30:00', '2020-05-07 17:00:00'),
(459, '2020-05-08 09:00:00', '2020-05-08 09:30:00'),
(460, '2020-05-08 09:30:00', '2020-05-08 10:00:00'),
(461, '2020-05-08 10:00:00', '2020-05-08 10:30:00'),
(462, '2020-05-08 10:30:00', '2020-05-08 11:00:00'),
(463, '2020-05-08 11:00:00', '2020-05-08 11:30:00'),
(464, '2020-05-08 11:30:00', '2020-05-08 12:00:00'),
(465, '2020-05-08 12:00:00', '2020-05-08 12:30:00'),
(466, '2020-05-08 12:30:00', '2020-05-08 13:00:00'),
(467, '2020-05-08 13:00:00', '2020-05-08 13:30:00'),
(468, '2020-05-08 13:30:00', '2020-05-08 14:00:00'),
(469, '2020-05-08 14:00:00', '2020-05-08 14:30:00'),
(470, '2020-05-08 14:30:00', '2020-05-08 15:00:00'),
(471, '2020-05-08 15:00:00', '2020-05-08 15:30:00'),
(472, '2020-05-08 15:30:00', '2020-05-08 16:00:00'),
(473, '2020-05-08 16:00:00', '2020-05-08 16:30:00'),
(474, '2020-05-08 16:30:00', '2020-05-08 17:00:00'),
(476, '2020-05-09 09:00:00', '2020-05-09 09:30:00'),
(477, '2020-05-09 09:30:00', '2020-05-09 10:00:00'),
(478, '2020-05-09 10:00:00', '2020-05-09 10:30:00'),
(479, '2020-05-09 10:30:00', '2020-05-09 11:00:00'),
(480, '2020-05-09 11:00:00', '2020-05-09 11:30:00'),
(481, '2020-05-09 11:30:00', '2020-05-09 12:00:00'),
(482, '2020-05-09 12:00:00', '2020-05-09 12:30:00'),
(483, '2020-05-09 12:30:00', '2020-05-09 13:00:00'),
(484, '2020-05-09 13:00:00', '2020-05-09 13:30:00'),
(485, '2020-05-09 13:30:00', '2020-05-09 14:00:00'),
(486, '2020-05-09 14:00:00', '2020-05-09 14:30:00'),
(487, '2020-05-09 14:30:00', '2020-05-09 15:00:00'),
(488, '2020-05-09 15:00:00', '2020-05-09 15:30:00'),
(489, '2020-05-09 15:30:00', '2020-05-09 16:00:00'),
(490, '2020-05-09 16:00:00', '2020-05-09 16:30:00'),
(491, '2020-05-09 16:30:00', '2020-05-09 17:00:00'),
(493, '2020-05-12 09:00:00', '2020-05-12 09:30:00'),
(494, '2020-05-12 09:30:00', '2020-05-12 10:00:00'),
(495, '2020-05-12 10:00:00', '2020-05-12 10:30:00'),
(496, '2020-05-12 10:30:00', '2020-05-12 11:00:00'),
(497, '2020-05-12 11:00:00', '2020-05-12 11:30:00'),
(498, '2020-05-12 11:30:00', '2020-05-12 12:00:00'),
(499, '2020-05-12 12:00:00', '2020-05-12 12:30:00'),
(500, '2020-05-12 12:30:00', '2020-05-12 13:00:00'),
(501, '2020-05-12 13:00:00', '2020-05-12 13:30:00'),
(502, '2020-05-12 13:30:00', '2020-05-12 14:00:00'),
(503, '2020-05-12 14:00:00', '2020-05-12 14:30:00'),
(504, '2020-05-12 14:30:00', '2020-05-12 15:00:00'),
(505, '2020-05-12 15:00:00', '2020-05-12 15:30:00'),
(506, '2020-05-12 15:30:00', '2020-05-12 16:00:00'),
(507, '2020-05-12 16:00:00', '2020-05-12 16:30:00'),
(508, '2020-05-12 16:30:00', '2020-05-12 17:00:00'),
(510, '2020-05-13 09:00:00', '2020-05-13 09:30:00'),
(511, '2020-05-13 09:30:00', '2020-05-13 10:00:00'),
(512, '2020-05-13 10:00:00', '2020-05-13 10:30:00'),
(513, '2020-05-13 10:30:00', '2020-05-13 11:00:00'),
(514, '2020-05-13 11:00:00', '2020-05-13 11:30:00'),
(515, '2020-05-13 11:30:00', '2020-05-13 12:00:00'),
(516, '2020-05-13 12:00:00', '2020-05-13 12:30:00'),
(517, '2020-05-13 12:30:00', '2020-05-13 13:00:00'),
(518, '2020-05-13 13:00:00', '2020-05-13 13:30:00'),
(519, '2020-05-13 13:30:00', '2020-05-13 14:00:00'),
(520, '2020-05-13 14:00:00', '2020-05-13 14:30:00'),
(521, '2020-05-13 14:30:00', '2020-05-13 15:00:00'),
(522, '2020-05-13 15:00:00', '2020-05-13 15:30:00'),
(523, '2020-05-13 15:30:00', '2020-05-13 16:00:00'),
(524, '2020-05-13 16:00:00', '2020-05-13 16:30:00'),
(525, '2020-05-13 16:30:00', '2020-05-13 17:00:00'),
(527, '2020-05-14 09:00:00', '2020-05-14 09:30:00'),
(528, '2020-05-14 09:30:00', '2020-05-14 10:00:00'),
(529, '2020-05-14 10:00:00', '2020-05-14 10:30:00'),
(530, '2020-05-14 10:30:00', '2020-05-14 11:00:00'),
(531, '2020-05-14 11:00:00', '2020-05-14 11:30:00'),
(532, '2020-05-14 11:30:00', '2020-05-14 12:00:00'),
(533, '2020-05-14 12:00:00', '2020-05-14 12:30:00'),
(534, '2020-05-14 12:30:00', '2020-05-14 13:00:00'),
(535, '2020-05-14 13:00:00', '2020-05-14 13:30:00'),
(536, '2020-05-14 13:30:00', '2020-05-14 14:00:00'),
(537, '2020-05-14 14:00:00', '2020-05-14 14:30:00'),
(538, '2020-05-14 14:30:00', '2020-05-14 15:00:00'),
(539, '2020-05-14 15:00:00', '2020-05-14 15:30:00'),
(540, '2020-05-14 15:30:00', '2020-05-14 16:00:00'),
(541, '2020-05-14 16:00:00', '2020-05-14 16:30:00'),
(542, '2020-05-14 16:30:00', '2020-05-14 17:00:00'),
(544, '2020-05-15 09:00:00', '2020-05-15 09:30:00'),
(545, '2020-05-15 09:30:00', '2020-05-15 10:00:00'),
(546, '2020-05-15 10:00:00', '2020-05-15 10:30:00'),
(547, '2020-05-15 10:30:00', '2020-05-15 11:00:00'),
(548, '2020-05-15 11:00:00', '2020-05-15 11:30:00'),
(549, '2020-05-15 11:30:00', '2020-05-15 12:00:00'),
(550, '2020-05-15 12:00:00', '2020-05-15 12:30:00'),
(551, '2020-05-15 12:30:00', '2020-05-15 13:00:00'),
(552, '2020-05-15 13:00:00', '2020-05-15 13:30:00'),
(553, '2020-05-15 13:30:00', '2020-05-15 14:00:00'),
(554, '2020-05-15 14:00:00', '2020-05-15 14:30:00'),
(555, '2020-05-15 14:30:00', '2020-05-15 15:00:00'),
(556, '2020-05-15 15:00:00', '2020-05-15 15:30:00'),
(557, '2020-05-15 15:30:00', '2020-05-15 16:00:00'),
(558, '2020-05-15 16:00:00', '2020-05-15 16:30:00'),
(559, '2020-05-15 16:30:00', '2020-05-15 17:00:00'),
(561, '2020-05-16 09:00:00', '2020-05-16 09:30:00'),
(562, '2020-05-16 09:30:00', '2020-05-16 10:00:00'),
(563, '2020-05-16 10:00:00', '2020-05-16 10:30:00'),
(564, '2020-05-16 10:30:00', '2020-05-16 11:00:00'),
(565, '2020-05-16 11:00:00', '2020-05-16 11:30:00'),
(566, '2020-05-16 11:30:00', '2020-05-16 12:00:00'),
(567, '2020-05-16 12:00:00', '2020-05-16 12:30:00'),
(568, '2020-05-16 12:30:00', '2020-05-16 13:00:00'),
(569, '2020-05-16 13:00:00', '2020-05-16 13:30:00'),
(570, '2020-05-16 13:30:00', '2020-05-16 14:00:00'),
(571, '2020-05-16 14:00:00', '2020-05-16 14:30:00'),
(572, '2020-05-16 14:30:00', '2020-05-16 15:00:00'),
(573, '2020-05-16 15:00:00', '2020-05-16 15:30:00'),
(574, '2020-05-16 15:30:00', '2020-05-16 16:00:00'),
(575, '2020-05-16 16:00:00', '2020-05-16 16:30:00'),
(576, '2020-05-16 16:30:00', '2020-05-16 17:00:00'),
(578, '2020-05-19 09:00:00', '2020-05-19 09:30:00'),
(579, '2020-05-19 09:30:00', '2020-05-19 10:00:00'),
(580, '2020-05-19 10:00:00', '2020-05-19 10:30:00'),
(581, '2020-05-19 10:30:00', '2020-05-19 11:00:00'),
(582, '2020-05-19 11:00:00', '2020-05-19 11:30:00'),
(583, '2020-05-19 11:30:00', '2020-05-19 12:00:00'),
(584, '2020-05-19 12:00:00', '2020-05-19 12:30:00'),
(585, '2020-05-19 12:30:00', '2020-05-19 13:00:00'),
(586, '2020-05-19 13:00:00', '2020-05-19 13:30:00'),
(587, '2020-05-19 13:30:00', '2020-05-19 14:00:00'),
(588, '2020-05-19 14:00:00', '2020-05-19 14:30:00'),
(589, '2020-05-19 14:30:00', '2020-05-19 15:00:00'),
(590, '2020-05-19 15:00:00', '2020-05-19 15:30:00'),
(591, '2020-05-19 15:30:00', '2020-05-19 16:00:00'),
(592, '2020-05-19 16:00:00', '2020-05-19 16:30:00'),
(593, '2020-05-19 16:30:00', '2020-05-19 17:00:00'),
(595, '2020-05-20 09:00:00', '2020-05-20 09:30:00'),
(596, '2020-05-20 09:30:00', '2020-05-20 10:00:00'),
(597, '2020-05-20 10:00:00', '2020-05-20 10:30:00'),
(598, '2020-05-20 10:30:00', '2020-05-20 11:00:00'),
(599, '2020-05-20 11:00:00', '2020-05-20 11:30:00'),
(600, '2020-05-20 11:30:00', '2020-05-20 12:00:00'),
(601, '2020-05-20 12:00:00', '2020-05-20 12:30:00'),
(602, '2020-05-20 12:30:00', '2020-05-20 13:00:00'),
(603, '2020-05-20 13:00:00', '2020-05-20 13:30:00'),
(604, '2020-05-20 13:30:00', '2020-05-20 14:00:00'),
(605, '2020-05-20 14:00:00', '2020-05-20 14:30:00'),
(606, '2020-05-20 14:30:00', '2020-05-20 15:00:00'),
(607, '2020-05-20 15:00:00', '2020-05-20 15:30:00'),
(608, '2020-05-20 15:30:00', '2020-05-20 16:00:00'),
(609, '2020-05-20 16:00:00', '2020-05-20 16:30:00'),
(610, '2020-05-20 16:30:00', '2020-05-20 17:00:00'),
(612, '2020-05-21 09:00:00', '2020-05-21 09:30:00'),
(613, '2020-05-21 09:30:00', '2020-05-21 10:00:00'),
(614, '2020-05-21 10:00:00', '2020-05-21 10:30:00'),
(615, '2020-05-21 10:30:00', '2020-05-21 11:00:00'),
(616, '2020-05-21 11:00:00', '2020-05-21 11:30:00'),
(617, '2020-05-21 11:30:00', '2020-05-21 12:00:00'),
(618, '2020-05-21 12:00:00', '2020-05-21 12:30:00'),
(619, '2020-05-21 12:30:00', '2020-05-21 13:00:00'),
(620, '2020-05-21 13:00:00', '2020-05-21 13:30:00'),
(621, '2020-05-21 13:30:00', '2020-05-21 14:00:00'),
(622, '2020-05-21 14:00:00', '2020-05-21 14:30:00'),
(623, '2020-05-21 14:30:00', '2020-05-21 15:00:00'),
(624, '2020-05-21 15:00:00', '2020-05-21 15:30:00'),
(625, '2020-05-21 15:30:00', '2020-05-21 16:00:00'),
(626, '2020-05-21 16:00:00', '2020-05-21 16:30:00'),
(627, '2020-05-21 16:30:00', '2020-05-21 17:00:00'),
(629, '2020-05-22 09:00:00', '2020-05-22 09:30:00'),
(630, '2020-05-22 09:30:00', '2020-05-22 10:00:00'),
(631, '2020-05-22 10:00:00', '2020-05-22 10:30:00'),
(632, '2020-05-22 10:30:00', '2020-05-22 11:00:00'),
(633, '2020-05-22 11:00:00', '2020-05-22 11:30:00'),
(634, '2020-05-22 11:30:00', '2020-05-22 12:00:00'),
(635, '2020-05-22 12:00:00', '2020-05-22 12:30:00'),
(636, '2020-05-22 12:30:00', '2020-05-22 13:00:00'),
(637, '2020-05-22 13:00:00', '2020-05-22 13:30:00'),
(638, '2020-05-22 13:30:00', '2020-05-22 14:00:00'),
(639, '2020-05-22 14:00:00', '2020-05-22 14:30:00'),
(640, '2020-05-22 14:30:00', '2020-05-22 15:00:00'),
(641, '2020-05-22 15:00:00', '2020-05-22 15:30:00'),
(642, '2020-05-22 15:30:00', '2020-05-22 16:00:00'),
(643, '2020-05-22 16:00:00', '2020-05-22 16:30:00'),
(644, '2020-05-22 16:30:00', '2020-05-22 17:00:00'),
(646, '2020-05-23 09:00:00', '2020-05-23 09:30:00'),
(647, '2020-05-23 09:30:00', '2020-05-23 10:00:00'),
(648, '2020-05-23 10:00:00', '2020-05-23 10:30:00'),
(649, '2020-05-23 10:30:00', '2020-05-23 11:00:00'),
(650, '2020-05-23 11:00:00', '2020-05-23 11:30:00'),
(651, '2020-05-23 11:30:00', '2020-05-23 12:00:00'),
(652, '2020-05-23 12:00:00', '2020-05-23 12:30:00'),
(653, '2020-05-23 12:30:00', '2020-05-23 13:00:00'),
(654, '2020-05-23 13:00:00', '2020-05-23 13:30:00'),
(655, '2020-05-23 13:30:00', '2020-05-23 14:00:00'),
(656, '2020-05-23 14:00:00', '2020-05-23 14:30:00'),
(657, '2020-05-23 14:30:00', '2020-05-23 15:00:00'),
(658, '2020-05-23 15:00:00', '2020-05-23 15:30:00'),
(659, '2020-05-23 15:30:00', '2020-05-23 16:00:00'),
(660, '2020-05-23 16:00:00', '2020-05-23 16:30:00'),
(661, '2020-05-23 16:30:00', '2020-05-23 17:00:00'),
(663, '2020-05-26 09:00:00', '2020-05-26 09:30:00'),
(664, '2020-05-26 09:30:00', '2020-05-26 10:00:00'),
(665, '2020-05-26 10:00:00', '2020-05-26 10:30:00'),
(666, '2020-05-26 10:30:00', '2020-05-26 11:00:00'),
(667, '2020-05-26 11:00:00', '2020-05-26 11:30:00'),
(668, '2020-05-26 11:30:00', '2020-05-26 12:00:00'),
(669, '2020-05-26 12:00:00', '2020-05-26 12:30:00'),
(670, '2020-05-26 12:30:00', '2020-05-26 13:00:00'),
(671, '2020-05-26 13:00:00', '2020-05-26 13:30:00'),
(672, '2020-05-26 13:30:00', '2020-05-26 14:00:00'),
(673, '2020-05-26 14:00:00', '2020-05-26 14:30:00'),
(674, '2020-05-26 14:30:00', '2020-05-26 15:00:00'),
(675, '2020-05-26 15:00:00', '2020-05-26 15:30:00'),
(676, '2020-05-26 15:30:00', '2020-05-26 16:00:00'),
(677, '2020-05-26 16:00:00', '2020-05-26 16:30:00'),
(678, '2020-05-26 16:30:00', '2020-05-26 17:00:00'),
(680, '2020-05-27 09:00:00', '2020-05-27 09:30:00'),
(681, '2020-05-27 09:30:00', '2020-05-27 10:00:00'),
(682, '2020-05-27 10:00:00', '2020-05-27 10:30:00'),
(683, '2020-05-27 10:30:00', '2020-05-27 11:00:00'),
(684, '2020-05-27 11:00:00', '2020-05-27 11:30:00'),
(685, '2020-05-27 11:30:00', '2020-05-27 12:00:00'),
(686, '2020-05-27 12:00:00', '2020-05-27 12:30:00'),
(687, '2020-05-27 12:30:00', '2020-05-27 13:00:00'),
(688, '2020-05-27 13:00:00', '2020-05-27 13:30:00'),
(689, '2020-05-27 13:30:00', '2020-05-27 14:00:00'),
(690, '2020-05-27 14:00:00', '2020-05-27 14:30:00'),
(691, '2020-05-27 14:30:00', '2020-05-27 15:00:00'),
(692, '2020-05-27 15:00:00', '2020-05-27 15:30:00'),
(693, '2020-05-27 15:30:00', '2020-05-27 16:00:00'),
(694, '2020-05-27 16:00:00', '2020-05-27 16:30:00'),
(695, '2020-05-27 16:30:00', '2020-05-27 17:00:00'),
(697, '2020-05-28 09:00:00', '2020-05-28 09:30:00'),
(698, '2020-05-28 09:30:00', '2020-05-28 10:00:00'),
(699, '2020-05-28 10:00:00', '2020-05-28 10:30:00'),
(700, '2020-05-28 10:30:00', '2020-05-28 11:00:00'),
(701, '2020-05-28 11:00:00', '2020-05-28 11:30:00'),
(702, '2020-05-28 11:30:00', '2020-05-28 12:00:00'),
(703, '2020-05-28 12:00:00', '2020-05-28 12:30:00'),
(704, '2020-05-28 12:30:00', '2020-05-28 13:00:00'),
(705, '2020-05-28 13:00:00', '2020-05-28 13:30:00'),
(706, '2020-05-28 13:30:00', '2020-05-28 14:00:00'),
(707, '2020-05-28 14:00:00', '2020-05-28 14:30:00'),
(708, '2020-05-28 14:30:00', '2020-05-28 15:00:00'),
(709, '2020-05-28 15:00:00', '2020-05-28 15:30:00'),
(710, '2020-05-28 15:30:00', '2020-05-28 16:00:00'),
(711, '2020-05-28 16:00:00', '2020-05-28 16:30:00'),
(712, '2020-05-28 16:30:00', '2020-05-28 17:00:00'),
(714, '2020-05-29 09:00:00', '2020-05-29 09:30:00'),
(715, '2020-05-29 09:30:00', '2020-05-29 10:00:00'),
(716, '2020-05-29 10:00:00', '2020-05-29 10:30:00'),
(717, '2020-05-29 10:30:00', '2020-05-29 11:00:00'),
(718, '2020-05-29 11:00:00', '2020-05-29 11:30:00'),
(719, '2020-05-29 11:30:00', '2020-05-29 12:00:00'),
(720, '2020-05-29 12:00:00', '2020-05-29 12:30:00'),
(721, '2020-05-29 12:30:00', '2020-05-29 13:00:00'),
(722, '2020-05-29 13:00:00', '2020-05-29 13:30:00'),
(723, '2020-05-29 13:30:00', '2020-05-29 14:00:00'),
(724, '2020-05-29 14:00:00', '2020-05-29 14:30:00'),
(725, '2020-05-29 14:30:00', '2020-05-29 15:00:00'),
(726, '2020-05-29 15:00:00', '2020-05-29 15:30:00'),
(727, '2020-05-29 15:30:00', '2020-05-29 16:00:00'),
(728, '2020-05-29 16:00:00', '2020-05-29 16:30:00'),
(729, '2020-05-29 16:30:00', '2020-05-29 17:00:00'),
(731, '2020-05-30 09:00:00', '2020-05-30 09:30:00'),
(732, '2020-05-30 09:30:00', '2020-05-30 10:00:00'),
(733, '2020-05-30 10:00:00', '2020-05-30 10:30:00'),
(734, '2020-05-30 10:30:00', '2020-05-30 11:00:00'),
(735, '2020-05-30 11:00:00', '2020-05-30 11:30:00'),
(736, '2020-05-30 11:30:00', '2020-05-30 12:00:00'),
(737, '2020-05-30 12:00:00', '2020-05-30 12:30:00'),
(738, '2020-05-30 12:30:00', '2020-05-30 13:00:00'),
(739, '2020-05-30 13:00:00', '2020-05-30 13:30:00'),
(740, '2020-05-30 13:30:00', '2020-05-30 14:00:00'),
(741, '2020-05-30 14:00:00', '2020-05-30 14:30:00'),
(742, '2020-05-30 14:30:00', '2020-05-30 15:00:00'),
(743, '2020-05-30 15:00:00', '2020-05-30 15:30:00'),
(744, '2020-05-30 15:30:00', '2020-05-30 16:00:00'),
(745, '2020-05-30 16:00:00', '2020-05-30 16:30:00'),
(746, '2020-05-30 16:30:00', '2020-05-30 17:00:00'),
(747, '2020-06-02 09:00:00', '2020-06-02 09:30:00'),
(748, '2020-06-02 09:30:00', '2020-06-02 10:00:00'),
(749, '2020-06-02 10:00:00', '2020-06-02 10:30:00'),
(750, '2020-06-02 10:30:00', '2020-06-02 11:00:00'),
(751, '2020-06-02 11:00:00', '2020-06-02 11:30:00'),
(752, '2020-06-02 11:30:00', '2020-06-02 12:00:00'),
(753, '2020-06-02 12:00:00', '2020-06-02 12:30:00'),
(754, '2020-06-02 12:30:00', '2020-06-02 13:00:00'),
(755, '2020-06-02 13:00:00', '2020-06-02 13:30:00'),
(756, '2020-06-02 13:30:00', '2020-06-02 14:00:00'),
(757, '2020-06-02 14:00:00', '2020-06-02 14:30:00'),
(758, '2020-06-02 14:30:00', '2020-06-02 15:00:00'),
(759, '2020-06-02 15:00:00', '2020-06-02 15:30:00'),
(760, '2020-06-02 15:30:00', '2020-06-02 16:00:00'),
(761, '2020-06-02 16:00:00', '2020-06-02 16:30:00'),
(762, '2020-06-02 16:30:00', '2020-06-02 17:00:00'),
(764, '2020-06-03 09:00:00', '2020-06-03 09:30:00'),
(765, '2020-06-03 09:30:00', '2020-06-03 10:00:00'),
(766, '2020-06-03 10:00:00', '2020-06-03 10:30:00'),
(767, '2020-06-03 10:30:00', '2020-06-03 11:00:00'),
(768, '2020-06-03 11:00:00', '2020-06-03 11:30:00'),
(769, '2020-06-03 11:30:00', '2020-06-03 12:00:00'),
(770, '2020-06-03 12:00:00', '2020-06-03 12:30:00'),
(771, '2020-06-03 12:30:00', '2020-06-03 13:00:00'),
(772, '2020-06-03 13:00:00', '2020-06-03 13:30:00'),
(773, '2020-06-03 13:30:00', '2020-06-03 14:00:00'),
(774, '2020-06-03 14:00:00', '2020-06-03 14:30:00'),
(775, '2020-06-03 14:30:00', '2020-06-03 15:00:00'),
(776, '2020-06-03 15:00:00', '2020-06-03 15:30:00'),
(777, '2020-06-03 15:30:00', '2020-06-03 16:00:00'),
(778, '2020-06-03 16:00:00', '2020-06-03 16:30:00'),
(779, '2020-06-03 16:30:00', '2020-06-03 17:00:00'),
(781, '2020-06-04 09:00:00', '2020-06-04 09:30:00'),
(782, '2020-06-04 09:30:00', '2020-06-04 10:00:00'),
(783, '2020-06-04 10:00:00', '2020-06-04 10:30:00'),
(784, '2020-06-04 10:30:00', '2020-06-04 11:00:00'),
(785, '2020-06-04 11:00:00', '2020-06-04 11:30:00'),
(786, '2020-06-04 11:30:00', '2020-06-04 12:00:00'),
(787, '2020-06-04 12:00:00', '2020-06-04 12:30:00'),
(788, '2020-06-04 12:30:00', '2020-06-04 13:00:00'),
(789, '2020-06-04 13:00:00', '2020-06-04 13:30:00'),
(790, '2020-06-04 13:30:00', '2020-06-04 14:00:00'),
(791, '2020-06-04 14:00:00', '2020-06-04 14:30:00'),
(792, '2020-06-04 14:30:00', '2020-06-04 15:00:00'),
(793, '2020-06-04 15:00:00', '2020-06-04 15:30:00'),
(794, '2020-06-04 15:30:00', '2020-06-04 16:00:00'),
(795, '2020-06-04 16:00:00', '2020-06-04 16:30:00'),
(796, '2020-06-04 16:30:00', '2020-06-04 17:00:00'),
(798, '2020-06-05 09:00:00', '2020-06-05 09:30:00'),
(799, '2020-06-05 09:30:00', '2020-06-05 10:00:00'),
(800, '2020-06-05 10:00:00', '2020-06-05 10:30:00'),
(801, '2020-06-05 10:30:00', '2020-06-05 11:00:00'),
(802, '2020-06-05 11:00:00', '2020-06-05 11:30:00'),
(803, '2020-06-05 11:30:00', '2020-06-05 12:00:00'),
(804, '2020-06-05 12:00:00', '2020-06-05 12:30:00'),
(805, '2020-06-05 12:30:00', '2020-06-05 13:00:00'),
(806, '2020-06-05 13:00:00', '2020-06-05 13:30:00'),
(807, '2020-06-05 13:30:00', '2020-06-05 14:00:00'),
(808, '2020-06-05 14:00:00', '2020-06-05 14:30:00'),
(809, '2020-06-05 14:30:00', '2020-06-05 15:00:00'),
(810, '2020-06-05 15:00:00', '2020-06-05 15:30:00'),
(811, '2020-06-05 15:30:00', '2020-06-05 16:00:00'),
(812, '2020-06-05 16:00:00', '2020-06-05 16:30:00'),
(813, '2020-06-05 16:30:00', '2020-06-05 17:00:00'),
(815, '2020-06-06 09:00:00', '2020-06-06 09:30:00'),
(816, '2020-06-06 09:30:00', '2020-06-06 10:00:00'),
(817, '2020-06-06 10:00:00', '2020-06-06 10:30:00'),
(818, '2020-06-06 10:30:00', '2020-06-06 11:00:00'),
(819, '2020-06-06 11:00:00', '2020-06-06 11:30:00'),
(820, '2020-06-06 11:30:00', '2020-06-06 12:00:00'),
(821, '2020-06-06 12:00:00', '2020-06-06 12:30:00'),
(822, '2020-06-06 12:30:00', '2020-06-06 13:00:00'),
(823, '2020-06-06 13:00:00', '2020-06-06 13:30:00'),
(824, '2020-06-06 13:30:00', '2020-06-06 14:00:00'),
(825, '2020-06-06 14:00:00', '2020-06-06 14:30:00'),
(826, '2020-06-06 14:30:00', '2020-06-06 15:00:00'),
(827, '2020-06-06 15:00:00', '2020-06-06 15:30:00'),
(828, '2020-06-06 15:30:00', '2020-06-06 16:00:00'),
(829, '2020-06-06 16:00:00', '2020-06-06 16:30:00'),
(830, '2020-06-06 16:30:00', '2020-06-06 17:00:00'),
(832, '2020-06-09 09:00:00', '2020-06-09 09:30:00'),
(833, '2020-06-09 09:30:00', '2020-06-09 10:00:00'),
(834, '2020-06-09 10:00:00', '2020-06-09 10:30:00'),
(835, '2020-06-09 10:30:00', '2020-06-09 11:00:00'),
(836, '2020-06-09 11:00:00', '2020-06-09 11:30:00'),
(837, '2020-06-09 11:30:00', '2020-06-09 12:00:00'),
(838, '2020-06-09 12:00:00', '2020-06-09 12:30:00'),
(839, '2020-06-09 12:30:00', '2020-06-09 13:00:00'),
(840, '2020-06-09 13:00:00', '2020-06-09 13:30:00'),
(841, '2020-06-09 13:30:00', '2020-06-09 14:00:00'),
(842, '2020-06-09 14:00:00', '2020-06-09 14:30:00'),
(843, '2020-06-09 14:30:00', '2020-06-09 15:00:00'),
(844, '2020-06-09 15:00:00', '2020-06-09 15:30:00'),
(845, '2020-06-09 15:30:00', '2020-06-09 16:00:00'),
(846, '2020-06-09 16:00:00', '2020-06-09 16:30:00'),
(847, '2020-06-09 16:30:00', '2020-06-09 17:00:00'),
(849, '2020-06-10 09:00:00', '2020-06-10 09:30:00'),
(850, '2020-06-10 09:30:00', '2020-06-10 10:00:00'),
(851, '2020-06-10 10:00:00', '2020-06-10 10:30:00'),
(852, '2020-06-10 10:30:00', '2020-06-10 11:00:00'),
(853, '2020-06-10 11:00:00', '2020-06-10 11:30:00'),
(854, '2020-06-10 11:30:00', '2020-06-10 12:00:00'),
(855, '2020-06-10 12:00:00', '2020-06-10 12:30:00'),
(856, '2020-06-10 12:30:00', '2020-06-10 13:00:00'),
(857, '2020-06-10 13:00:00', '2020-06-10 13:30:00'),
(858, '2020-06-10 13:30:00', '2020-06-10 14:00:00'),
(859, '2020-06-10 14:00:00', '2020-06-10 14:30:00'),
(860, '2020-06-10 14:30:00', '2020-06-10 15:00:00'),
(861, '2020-06-10 15:00:00', '2020-06-10 15:30:00'),
(862, '2020-06-10 15:30:00', '2020-06-10 16:00:00'),
(863, '2020-06-10 16:00:00', '2020-06-10 16:30:00'),
(864, '2020-06-10 16:30:00', '2020-06-10 17:00:00'),
(866, '2020-06-11 09:00:00', '2020-06-11 09:30:00'),
(867, '2020-06-11 09:30:00', '2020-06-11 10:00:00'),
(868, '2020-06-11 10:00:00', '2020-06-11 10:30:00'),
(869, '2020-06-11 10:30:00', '2020-06-11 11:00:00'),
(870, '2020-06-11 11:00:00', '2020-06-11 11:30:00'),
(871, '2020-06-11 11:30:00', '2020-06-11 12:00:00'),
(872, '2020-06-11 12:00:00', '2020-06-11 12:30:00'),
(873, '2020-06-11 12:30:00', '2020-06-11 13:00:00'),
(874, '2020-06-11 13:00:00', '2020-06-11 13:30:00'),
(875, '2020-06-11 13:30:00', '2020-06-11 14:00:00'),
(876, '2020-06-11 14:00:00', '2020-06-11 14:30:00'),
(877, '2020-06-11 14:30:00', '2020-06-11 15:00:00'),
(878, '2020-06-11 15:00:00', '2020-06-11 15:30:00'),
(879, '2020-06-11 15:30:00', '2020-06-11 16:00:00'),
(880, '2020-06-11 16:00:00', '2020-06-11 16:30:00'),
(881, '2020-06-11 16:30:00', '2020-06-11 17:00:00'),
(883, '2020-06-12 09:00:00', '2020-06-12 09:30:00'),
(884, '2020-06-12 09:30:00', '2020-06-12 10:00:00'),
(885, '2020-06-12 10:00:00', '2020-06-12 10:30:00'),
(886, '2020-06-12 10:30:00', '2020-06-12 11:00:00'),
(887, '2020-06-12 11:00:00', '2020-06-12 11:30:00'),
(888, '2020-06-12 11:30:00', '2020-06-12 12:00:00'),
(889, '2020-06-12 12:00:00', '2020-06-12 12:30:00'),
(890, '2020-06-12 12:30:00', '2020-06-12 13:00:00'),
(891, '2020-06-12 13:00:00', '2020-06-12 13:30:00'),
(892, '2020-06-12 13:30:00', '2020-06-12 14:00:00'),
(893, '2020-06-12 14:00:00', '2020-06-12 14:30:00'),
(894, '2020-06-12 14:30:00', '2020-06-12 15:00:00'),
(895, '2020-06-12 15:00:00', '2020-06-12 15:30:00'),
(896, '2020-06-12 15:30:00', '2020-06-12 16:00:00'),
(897, '2020-06-12 16:00:00', '2020-06-12 16:30:00'),
(898, '2020-06-12 16:30:00', '2020-06-12 17:00:00'),
(900, '2020-06-13 09:00:00', '2020-06-13 09:30:00'),
(901, '2020-06-13 09:30:00', '2020-06-13 10:00:00'),
(902, '2020-06-13 10:00:00', '2020-06-13 10:30:00'),
(903, '2020-06-13 10:30:00', '2020-06-13 11:00:00'),
(904, '2020-06-13 11:00:00', '2020-06-13 11:30:00'),
(905, '2020-06-13 11:30:00', '2020-06-13 12:00:00'),
(906, '2020-06-13 12:00:00', '2020-06-13 12:30:00'),
(907, '2020-06-13 12:30:00', '2020-06-13 13:00:00'),
(908, '2020-06-13 13:00:00', '2020-06-13 13:30:00'),
(909, '2020-06-13 13:30:00', '2020-06-13 14:00:00'),
(910, '2020-06-13 14:00:00', '2020-06-13 14:30:00'),
(911, '2020-06-13 14:30:00', '2020-06-13 15:00:00'),
(912, '2020-06-13 15:00:00', '2020-06-13 15:30:00'),
(913, '2020-06-13 15:30:00', '2020-06-13 16:00:00'),
(914, '2020-06-13 16:00:00', '2020-06-13 16:30:00'),
(915, '2020-06-13 16:30:00', '2020-06-13 17:00:00'),
(917, '2020-06-16 09:00:00', '2020-06-16 09:30:00'),
(918, '2020-06-16 09:30:00', '2020-06-16 10:00:00'),
(919, '2020-06-16 10:00:00', '2020-06-16 10:30:00'),
(920, '2020-06-16 10:30:00', '2020-06-16 11:00:00'),
(921, '2020-06-16 11:00:00', '2020-06-16 11:30:00'),
(922, '2020-06-16 11:30:00', '2020-06-16 12:00:00'),
(923, '2020-06-16 12:00:00', '2020-06-16 12:30:00'),
(924, '2020-06-16 12:30:00', '2020-06-16 13:00:00'),
(925, '2020-06-16 13:00:00', '2020-06-16 13:30:00'),
(926, '2020-06-16 13:30:00', '2020-06-16 14:00:00'),
(927, '2020-06-16 14:00:00', '2020-06-16 14:30:00'),
(928, '2020-06-16 14:30:00', '2020-06-16 15:00:00'),
(929, '2020-06-16 15:00:00', '2020-06-16 15:30:00'),
(930, '2020-06-16 15:30:00', '2020-06-16 16:00:00'),
(931, '2020-06-16 16:00:00', '2020-06-16 16:30:00'),
(932, '2020-06-16 16:30:00', '2020-06-16 17:00:00'),
(934, '2020-06-17 09:00:00', '2020-06-17 09:30:00'),
(935, '2020-06-17 09:30:00', '2020-06-17 10:00:00'),
(936, '2020-06-17 10:00:00', '2020-06-17 10:30:00'),
(937, '2020-06-17 10:30:00', '2020-06-17 11:00:00'),
(938, '2020-06-17 11:00:00', '2020-06-17 11:30:00'),
(939, '2020-06-17 11:30:00', '2020-06-17 12:00:00'),
(940, '2020-06-17 12:00:00', '2020-06-17 12:30:00'),
(941, '2020-06-17 12:30:00', '2020-06-17 13:00:00'),
(942, '2020-06-17 13:00:00', '2020-06-17 13:30:00'),
(943, '2020-06-17 13:30:00', '2020-06-17 14:00:00'),
(944, '2020-06-17 14:00:00', '2020-06-17 14:30:00'),
(945, '2020-06-17 14:30:00', '2020-06-17 15:00:00'),
(946, '2020-06-17 15:00:00', '2020-06-17 15:30:00'),
(947, '2020-06-17 15:30:00', '2020-06-17 16:00:00'),
(948, '2020-06-17 16:00:00', '2020-06-17 16:30:00'),
(949, '2020-06-17 16:30:00', '2020-06-17 17:00:00'),
(951, '2020-06-18 09:00:00', '2020-06-18 09:30:00'),
(952, '2020-06-18 09:30:00', '2020-06-18 10:00:00'),
(953, '2020-06-18 10:00:00', '2020-06-18 10:30:00'),
(954, '2020-06-18 10:30:00', '2020-06-18 11:00:00'),
(955, '2020-06-18 11:00:00', '2020-06-18 11:30:00'),
(956, '2020-06-18 11:30:00', '2020-06-18 12:00:00'),
(957, '2020-06-18 12:00:00', '2020-06-18 12:30:00'),
(958, '2020-06-18 12:30:00', '2020-06-18 13:00:00'),
(959, '2020-06-18 13:00:00', '2020-06-18 13:30:00'),
(960, '2020-06-18 13:30:00', '2020-06-18 14:00:00'),
(961, '2020-06-18 14:00:00', '2020-06-18 14:30:00'),
(962, '2020-06-18 14:30:00', '2020-06-18 15:00:00'),
(963, '2020-06-18 15:00:00', '2020-06-18 15:30:00'),
(964, '2020-06-18 15:30:00', '2020-06-18 16:00:00'),
(965, '2020-06-18 16:00:00', '2020-06-18 16:30:00'),
(966, '2020-06-18 16:30:00', '2020-06-18 17:00:00'),
(968, '2020-06-19 09:00:00', '2020-06-19 09:30:00'),
(969, '2020-06-19 09:30:00', '2020-06-19 10:00:00'),
(970, '2020-06-19 10:00:00', '2020-06-19 10:30:00'),
(971, '2020-06-19 10:30:00', '2020-06-19 11:00:00'),
(972, '2020-06-19 11:00:00', '2020-06-19 11:30:00'),
(973, '2020-06-19 11:30:00', '2020-06-19 12:00:00'),
(974, '2020-06-19 12:00:00', '2020-06-19 12:30:00'),
(975, '2020-06-19 12:30:00', '2020-06-19 13:00:00'),
(976, '2020-06-19 13:00:00', '2020-06-19 13:30:00'),
(977, '2020-06-19 13:30:00', '2020-06-19 14:00:00'),
(978, '2020-06-19 14:00:00', '2020-06-19 14:30:00'),
(979, '2020-06-19 14:30:00', '2020-06-19 15:00:00'),
(980, '2020-06-19 15:00:00', '2020-06-19 15:30:00'),
(981, '2020-06-19 15:30:00', '2020-06-19 16:00:00'),
(982, '2020-06-19 16:00:00', '2020-06-19 16:30:00'),
(983, '2020-06-19 16:30:00', '2020-06-19 17:00:00'),
(985, '2020-06-20 09:00:00', '2020-06-20 09:30:00'),
(986, '2020-06-20 09:30:00', '2020-06-20 10:00:00'),
(987, '2020-06-20 10:00:00', '2020-06-20 10:30:00'),
(988, '2020-06-20 10:30:00', '2020-06-20 11:00:00'),
(989, '2020-06-20 11:00:00', '2020-06-20 11:30:00'),
(990, '2020-06-20 11:30:00', '2020-06-20 12:00:00'),
(991, '2020-06-20 12:00:00', '2020-06-20 12:30:00'),
(992, '2020-06-20 12:30:00', '2020-06-20 13:00:00'),
(993, '2020-06-20 13:00:00', '2020-06-20 13:30:00'),
(994, '2020-06-20 13:30:00', '2020-06-20 14:00:00'),
(995, '2020-06-20 14:00:00', '2020-06-20 14:30:00'),
(996, '2020-06-20 14:30:00', '2020-06-20 15:00:00'),
(997, '2020-06-20 15:00:00', '2020-06-20 15:30:00'),
(998, '2020-06-20 15:30:00', '2020-06-20 16:00:00'),
(999, '2020-06-20 16:00:00', '2020-06-20 16:30:00'),
(1000, '2020-06-20 16:30:00', '2020-06-20 17:00:00'),
(1002, '2020-06-23 09:00:00', '2020-06-23 09:30:00'),
(1003, '2020-06-23 09:30:00', '2020-06-23 10:00:00'),
(1004, '2020-06-23 10:00:00', '2020-06-23 10:30:00'),
(1005, '2020-06-23 10:30:00', '2020-06-23 11:00:00'),
(1006, '2020-06-23 11:00:00', '2020-06-23 11:30:00'),
(1007, '2020-06-23 11:30:00', '2020-06-23 12:00:00'),
(1008, '2020-06-23 12:00:00', '2020-06-23 12:30:00'),
(1009, '2020-06-23 12:30:00', '2020-06-23 13:00:00'),
(1010, '2020-06-23 13:00:00', '2020-06-23 13:30:00'),
(1011, '2020-06-23 13:30:00', '2020-06-23 14:00:00'),
(1012, '2020-06-23 14:00:00', '2020-06-23 14:30:00'),
(1013, '2020-06-23 14:30:00', '2020-06-23 15:00:00'),
(1014, '2020-06-23 15:00:00', '2020-06-23 15:30:00'),
(1015, '2020-06-23 15:30:00', '2020-06-23 16:00:00'),
(1016, '2020-06-23 16:00:00', '2020-06-23 16:30:00'),
(1017, '2020-06-23 16:30:00', '2020-06-23 17:00:00'),
(1019, '2020-06-24 09:00:00', '2020-06-24 09:30:00'),
(1020, '2020-06-24 09:30:00', '2020-06-24 10:00:00'),
(1021, '2020-06-24 10:00:00', '2020-06-24 10:30:00'),
(1022, '2020-06-24 10:30:00', '2020-06-24 11:00:00'),
(1023, '2020-06-24 11:00:00', '2020-06-24 11:30:00'),
(1024, '2020-06-24 11:30:00', '2020-06-24 12:00:00'),
(1025, '2020-06-24 12:00:00', '2020-06-24 12:30:00'),
(1026, '2020-06-24 12:30:00', '2020-06-24 13:00:00'),
(1027, '2020-06-24 13:00:00', '2020-06-24 13:30:00'),
(1028, '2020-06-24 13:30:00', '2020-06-24 14:00:00'),
(1029, '2020-06-24 14:00:00', '2020-06-24 14:30:00'),
(1030, '2020-06-24 14:30:00', '2020-06-24 15:00:00'),
(1031, '2020-06-24 15:00:00', '2020-06-24 15:30:00'),
(1032, '2020-06-24 15:30:00', '2020-06-24 16:00:00'),
(1033, '2020-06-24 16:00:00', '2020-06-24 16:30:00'),
(1034, '2020-06-24 16:30:00', '2020-06-24 17:00:00'),
(1036, '2020-06-25 09:00:00', '2020-06-25 09:30:00'),
(1037, '2020-06-25 09:30:00', '2020-06-25 10:00:00'),
(1038, '2020-06-25 10:00:00', '2020-06-25 10:30:00'),
(1039, '2020-06-25 10:30:00', '2020-06-25 11:00:00');
INSERT INTO `tblslots` (`slotID`, `start_event`, `end_event`) VALUES
(1040, '2020-06-25 11:00:00', '2020-06-25 11:30:00'),
(1041, '2020-06-25 11:30:00', '2020-06-25 12:00:00'),
(1042, '2020-06-25 12:00:00', '2020-06-25 12:30:00'),
(1043, '2020-06-25 12:30:00', '2020-06-25 13:00:00'),
(1044, '2020-06-25 13:00:00', '2020-06-25 13:30:00'),
(1045, '2020-06-25 13:30:00', '2020-06-25 14:00:00'),
(1046, '2020-06-25 14:00:00', '2020-06-25 14:30:00'),
(1047, '2020-06-25 14:30:00', '2020-06-25 15:00:00'),
(1048, '2020-06-25 15:00:00', '2020-06-25 15:30:00'),
(1049, '2020-06-25 15:30:00', '2020-06-25 16:00:00'),
(1050, '2020-06-25 16:00:00', '2020-06-25 16:30:00'),
(1051, '2020-06-25 16:30:00', '2020-06-25 17:00:00'),
(1053, '2020-06-26 09:00:00', '2020-06-26 09:30:00'),
(1054, '2020-06-26 09:30:00', '2020-06-26 10:00:00'),
(1055, '2020-06-26 10:00:00', '2020-06-26 10:30:00'),
(1056, '2020-06-26 10:30:00', '2020-06-26 11:00:00'),
(1057, '2020-06-26 11:00:00', '2020-06-26 11:30:00'),
(1058, '2020-06-26 11:30:00', '2020-06-26 12:00:00'),
(1059, '2020-06-26 12:00:00', '2020-06-26 12:30:00'),
(1060, '2020-06-26 12:30:00', '2020-06-26 13:00:00'),
(1061, '2020-06-26 13:00:00', '2020-06-26 13:30:00'),
(1062, '2020-06-26 13:30:00', '2020-06-26 14:00:00'),
(1063, '2020-06-26 14:00:00', '2020-06-26 14:30:00'),
(1064, '2020-06-26 14:30:00', '2020-06-26 15:00:00'),
(1065, '2020-06-26 15:00:00', '2020-06-26 15:30:00'),
(1066, '2020-06-26 15:30:00', '2020-06-26 16:00:00'),
(1067, '2020-06-26 16:00:00', '2020-06-26 16:30:00'),
(1068, '2020-06-26 16:30:00', '2020-06-26 17:00:00'),
(1070, '2020-06-27 09:00:00', '2020-06-27 09:30:00'),
(1071, '2020-06-27 09:30:00', '2020-06-27 10:00:00'),
(1072, '2020-06-27 10:00:00', '2020-06-27 10:30:00'),
(1073, '2020-06-27 10:30:00', '2020-06-27 11:00:00'),
(1074, '2020-06-27 11:00:00', '2020-06-27 11:30:00'),
(1075, '2020-06-27 11:30:00', '2020-06-27 12:00:00'),
(1076, '2020-06-27 12:00:00', '2020-06-27 12:30:00'),
(1077, '2020-06-27 12:30:00', '2020-06-27 13:00:00'),
(1078, '2020-06-27 13:00:00', '2020-06-27 13:30:00'),
(1079, '2020-06-27 13:30:00', '2020-06-27 14:00:00'),
(1080, '2020-06-27 14:00:00', '2020-06-27 14:30:00'),
(1081, '2020-06-27 14:30:00', '2020-06-27 15:00:00'),
(1082, '2020-06-27 15:00:00', '2020-06-27 15:30:00'),
(1083, '2020-06-27 15:30:00', '2020-06-27 16:00:00'),
(1084, '2020-06-27 16:00:00', '2020-06-27 16:30:00'),
(1085, '2020-06-27 16:30:00', '2020-06-27 17:00:00'),
(1087, '2020-06-30 09:00:00', '2020-06-30 09:30:00'),
(1088, '2020-06-30 09:30:00', '2020-06-30 10:00:00'),
(1089, '2020-06-30 10:00:00', '2020-06-30 10:30:00'),
(1090, '2020-06-30 10:30:00', '2020-06-30 11:00:00'),
(1091, '2020-06-30 11:00:00', '2020-06-30 11:30:00'),
(1092, '2020-06-30 11:30:00', '2020-06-30 12:00:00'),
(1093, '2020-06-30 12:00:00', '2020-06-30 12:30:00'),
(1094, '2020-06-30 12:30:00', '2020-06-30 13:00:00'),
(1095, '2020-06-30 13:00:00', '2020-06-30 13:30:00'),
(1096, '2020-06-30 13:30:00', '2020-06-30 14:00:00'),
(1097, '2020-06-30 14:00:00', '2020-06-30 14:30:00'),
(1098, '2020-06-30 14:30:00', '2020-06-30 15:00:00'),
(1099, '2020-06-30 15:00:00', '2020-06-30 15:30:00'),
(1100, '2020-06-30 15:30:00', '2020-06-30 16:00:00'),
(1101, '2020-06-30 16:00:00', '2020-06-30 16:30:00'),
(1102, '2020-06-30 16:30:00', '2020-06-30 17:00:00'),
(1103, '2020-07-01 09:00:00', '2020-07-01 09:30:00'),
(1104, '2020-07-01 09:30:00', '2020-07-01 10:00:00'),
(1105, '2020-07-01 10:00:00', '2020-07-01 10:30:00'),
(1106, '2020-07-01 10:30:00', '2020-07-01 11:00:00'),
(1107, '2020-07-01 11:00:00', '2020-07-01 11:30:00'),
(1108, '2020-07-01 11:30:00', '2020-07-01 12:00:00'),
(1109, '2020-07-01 12:00:00', '2020-07-01 12:30:00'),
(1110, '2020-07-01 12:30:00', '2020-07-01 13:00:00'),
(1111, '2020-07-01 13:00:00', '2020-07-01 13:30:00'),
(1112, '2020-07-01 13:30:00', '2020-07-01 14:00:00'),
(1113, '2020-07-01 14:00:00', '2020-07-01 14:30:00'),
(1114, '2020-07-01 14:30:00', '2020-07-01 15:00:00'),
(1115, '2020-07-01 15:00:00', '2020-07-01 15:30:00'),
(1116, '2020-07-01 15:30:00', '2020-07-01 16:00:00'),
(1117, '2020-07-01 16:00:00', '2020-07-01 16:30:00'),
(1118, '2020-07-01 16:30:00', '2020-07-01 17:00:00'),
(1120, '2020-07-02 09:00:00', '2020-07-02 09:30:00'),
(1121, '2020-07-02 09:30:00', '2020-07-02 10:00:00'),
(1122, '2020-07-02 10:00:00', '2020-07-02 10:30:00'),
(1123, '2020-07-02 10:30:00', '2020-07-02 11:00:00'),
(1124, '2020-07-02 11:00:00', '2020-07-02 11:30:00'),
(1125, '2020-07-02 11:30:00', '2020-07-02 12:00:00'),
(1126, '2020-07-02 12:00:00', '2020-07-02 12:30:00'),
(1127, '2020-07-02 12:30:00', '2020-07-02 13:00:00'),
(1128, '2020-07-02 13:00:00', '2020-07-02 13:30:00'),
(1129, '2020-07-02 13:30:00', '2020-07-02 14:00:00'),
(1130, '2020-07-02 14:00:00', '2020-07-02 14:30:00'),
(1131, '2020-07-02 14:30:00', '2020-07-02 15:00:00'),
(1132, '2020-07-02 15:00:00', '2020-07-02 15:30:00'),
(1133, '2020-07-02 15:30:00', '2020-07-02 16:00:00'),
(1134, '2020-07-02 16:00:00', '2020-07-02 16:30:00'),
(1135, '2020-07-02 16:30:00', '2020-07-02 17:00:00'),
(1137, '2020-07-03 09:00:00', '2020-07-03 09:30:00'),
(1138, '2020-07-03 09:30:00', '2020-07-03 10:00:00'),
(1139, '2020-07-03 10:00:00', '2020-07-03 10:30:00'),
(1140, '2020-07-03 10:30:00', '2020-07-03 11:00:00'),
(1141, '2020-07-03 11:00:00', '2020-07-03 11:30:00'),
(1142, '2020-07-03 11:30:00', '2020-07-03 12:00:00'),
(1143, '2020-07-03 12:00:00', '2020-07-03 12:30:00'),
(1144, '2020-07-03 12:30:00', '2020-07-03 13:00:00'),
(1145, '2020-07-03 13:00:00', '2020-07-03 13:30:00'),
(1146, '2020-07-03 13:30:00', '2020-07-03 14:00:00'),
(1147, '2020-07-03 14:00:00', '2020-07-03 14:30:00'),
(1148, '2020-07-03 14:30:00', '2020-07-03 15:00:00'),
(1149, '2020-07-03 15:00:00', '2020-07-03 15:30:00'),
(1150, '2020-07-03 15:30:00', '2020-07-03 16:00:00'),
(1151, '2020-07-03 16:00:00', '2020-07-03 16:30:00'),
(1152, '2020-07-03 16:30:00', '2020-07-03 17:00:00'),
(1154, '2020-07-04 09:00:00', '2020-07-04 09:30:00'),
(1155, '2020-07-04 09:30:00', '2020-07-04 10:00:00'),
(1156, '2020-07-04 10:00:00', '2020-07-04 10:30:00'),
(1157, '2020-07-04 10:30:00', '2020-07-04 11:00:00'),
(1158, '2020-07-04 11:00:00', '2020-07-04 11:30:00'),
(1159, '2020-07-04 11:30:00', '2020-07-04 12:00:00'),
(1160, '2020-07-04 12:00:00', '2020-07-04 12:30:00'),
(1161, '2020-07-04 12:30:00', '2020-07-04 13:00:00'),
(1162, '2020-07-04 13:00:00', '2020-07-04 13:30:00'),
(1163, '2020-07-04 13:30:00', '2020-07-04 14:00:00'),
(1164, '2020-07-04 14:00:00', '2020-07-04 14:30:00'),
(1165, '2020-07-04 14:30:00', '2020-07-04 15:00:00'),
(1166, '2020-07-04 15:00:00', '2020-07-04 15:30:00'),
(1167, '2020-07-04 15:30:00', '2020-07-04 16:00:00'),
(1168, '2020-07-04 16:00:00', '2020-07-04 16:30:00'),
(1169, '2020-07-04 16:30:00', '2020-07-04 17:00:00'),
(1171, '2020-07-07 09:00:00', '2020-07-07 09:30:00'),
(1172, '2020-07-07 09:30:00', '2020-07-07 10:00:00'),
(1173, '2020-07-07 10:00:00', '2020-07-07 10:30:00'),
(1174, '2020-07-07 10:30:00', '2020-07-07 11:00:00'),
(1175, '2020-07-07 11:00:00', '2020-07-07 11:30:00'),
(1176, '2020-07-07 11:30:00', '2020-07-07 12:00:00'),
(1177, '2020-07-07 12:00:00', '2020-07-07 12:30:00'),
(1178, '2020-07-07 12:30:00', '2020-07-07 13:00:00'),
(1179, '2020-07-07 13:00:00', '2020-07-07 13:30:00'),
(1180, '2020-07-07 13:30:00', '2020-07-07 14:00:00'),
(1181, '2020-07-07 14:00:00', '2020-07-07 14:30:00'),
(1182, '2020-07-07 14:30:00', '2020-07-07 15:00:00'),
(1183, '2020-07-07 15:00:00', '2020-07-07 15:30:00'),
(1184, '2020-07-07 15:30:00', '2020-07-07 16:00:00'),
(1185, '2020-07-07 16:00:00', '2020-07-07 16:30:00'),
(1186, '2020-07-07 16:30:00', '2020-07-07 17:00:00'),
(1188, '2020-07-08 09:00:00', '2020-07-08 09:30:00'),
(1189, '2020-07-08 09:30:00', '2020-07-08 10:00:00'),
(1190, '2020-07-08 10:00:00', '2020-07-08 10:30:00'),
(1191, '2020-07-08 10:30:00', '2020-07-08 11:00:00'),
(1192, '2020-07-08 11:00:00', '2020-07-08 11:30:00'),
(1193, '2020-07-08 11:30:00', '2020-07-08 12:00:00'),
(1194, '2020-07-08 12:00:00', '2020-07-08 12:30:00'),
(1195, '2020-07-08 12:30:00', '2020-07-08 13:00:00'),
(1196, '2020-07-08 13:00:00', '2020-07-08 13:30:00'),
(1197, '2020-07-08 13:30:00', '2020-07-08 14:00:00'),
(1198, '2020-07-08 14:00:00', '2020-07-08 14:30:00'),
(1199, '2020-07-08 14:30:00', '2020-07-08 15:00:00'),
(1200, '2020-07-08 15:00:00', '2020-07-08 15:30:00'),
(1201, '2020-07-08 15:30:00', '2020-07-08 16:00:00'),
(1202, '2020-07-08 16:00:00', '2020-07-08 16:30:00'),
(1203, '2020-07-08 16:30:00', '2020-07-08 17:00:00'),
(1205, '2020-07-09 09:00:00', '2020-07-09 09:30:00'),
(1206, '2020-07-09 09:30:00', '2020-07-09 10:00:00'),
(1207, '2020-07-09 10:00:00', '2020-07-09 10:30:00'),
(1208, '2020-07-09 10:30:00', '2020-07-09 11:00:00'),
(1209, '2020-07-09 11:00:00', '2020-07-09 11:30:00'),
(1210, '2020-07-09 11:30:00', '2020-07-09 12:00:00'),
(1211, '2020-07-09 12:00:00', '2020-07-09 12:30:00'),
(1212, '2020-07-09 12:30:00', '2020-07-09 13:00:00'),
(1213, '2020-07-09 13:00:00', '2020-07-09 13:30:00'),
(1214, '2020-07-09 13:30:00', '2020-07-09 14:00:00'),
(1215, '2020-07-09 14:00:00', '2020-07-09 14:30:00'),
(1216, '2020-07-09 14:30:00', '2020-07-09 15:00:00'),
(1217, '2020-07-09 15:00:00', '2020-07-09 15:30:00'),
(1218, '2020-07-09 15:30:00', '2020-07-09 16:00:00'),
(1219, '2020-07-09 16:00:00', '2020-07-09 16:30:00'),
(1220, '2020-07-09 16:30:00', '2020-07-09 17:00:00'),
(1222, '2020-07-10 09:00:00', '2020-07-10 09:30:00'),
(1223, '2020-07-10 09:30:00', '2020-07-10 10:00:00'),
(1224, '2020-07-10 10:00:00', '2020-07-10 10:30:00'),
(1225, '2020-07-10 10:30:00', '2020-07-10 11:00:00'),
(1226, '2020-07-10 11:00:00', '2020-07-10 11:30:00'),
(1227, '2020-07-10 11:30:00', '2020-07-10 12:00:00'),
(1228, '2020-07-10 12:00:00', '2020-07-10 12:30:00'),
(1229, '2020-07-10 12:30:00', '2020-07-10 13:00:00'),
(1230, '2020-07-10 13:00:00', '2020-07-10 13:30:00'),
(1231, '2020-07-10 13:30:00', '2020-07-10 14:00:00'),
(1232, '2020-07-10 14:00:00', '2020-07-10 14:30:00'),
(1233, '2020-07-10 14:30:00', '2020-07-10 15:00:00'),
(1234, '2020-07-10 15:00:00', '2020-07-10 15:30:00'),
(1235, '2020-07-10 15:30:00', '2020-07-10 16:00:00'),
(1236, '2020-07-10 16:00:00', '2020-07-10 16:30:00'),
(1237, '2020-07-10 16:30:00', '2020-07-10 17:00:00'),
(1239, '2020-07-11 09:00:00', '2020-07-11 09:30:00'),
(1240, '2020-07-11 09:30:00', '2020-07-11 10:00:00'),
(1241, '2020-07-11 10:00:00', '2020-07-11 10:30:00'),
(1242, '2020-07-11 10:30:00', '2020-07-11 11:00:00'),
(1243, '2020-07-11 11:00:00', '2020-07-11 11:30:00'),
(1244, '2020-07-11 11:30:00', '2020-07-11 12:00:00'),
(1245, '2020-07-11 12:00:00', '2020-07-11 12:30:00'),
(1246, '2020-07-11 12:30:00', '2020-07-11 13:00:00'),
(1247, '2020-07-11 13:00:00', '2020-07-11 13:30:00'),
(1248, '2020-07-11 13:30:00', '2020-07-11 14:00:00'),
(1249, '2020-07-11 14:00:00', '2020-07-11 14:30:00'),
(1250, '2020-07-11 14:30:00', '2020-07-11 15:00:00'),
(1251, '2020-07-11 15:00:00', '2020-07-11 15:30:00'),
(1252, '2020-07-11 15:30:00', '2020-07-11 16:00:00'),
(1253, '2020-07-11 16:00:00', '2020-07-11 16:30:00'),
(1254, '2020-07-11 16:30:00', '2020-07-11 17:00:00'),
(1256, '2020-07-14 09:00:00', '2020-07-14 09:30:00'),
(1257, '2020-07-14 09:30:00', '2020-07-14 10:00:00'),
(1258, '2020-07-14 10:00:00', '2020-07-14 10:30:00'),
(1259, '2020-07-14 10:30:00', '2020-07-14 11:00:00'),
(1260, '2020-07-14 11:00:00', '2020-07-14 11:30:00'),
(1261, '2020-07-14 11:30:00', '2020-07-14 12:00:00'),
(1262, '2020-07-14 12:00:00', '2020-07-14 12:30:00'),
(1263, '2020-07-14 12:30:00', '2020-07-14 13:00:00'),
(1264, '2020-07-14 13:00:00', '2020-07-14 13:30:00'),
(1265, '2020-07-14 13:30:00', '2020-07-14 14:00:00'),
(1266, '2020-07-14 14:00:00', '2020-07-14 14:30:00'),
(1267, '2020-07-14 14:30:00', '2020-07-14 15:00:00'),
(1268, '2020-07-14 15:00:00', '2020-07-14 15:30:00'),
(1269, '2020-07-14 15:30:00', '2020-07-14 16:00:00'),
(1270, '2020-07-14 16:00:00', '2020-07-14 16:30:00'),
(1271, '2020-07-14 16:30:00', '2020-07-14 17:00:00'),
(1273, '2020-07-15 09:00:00', '2020-07-15 09:30:00'),
(1274, '2020-07-15 09:30:00', '2020-07-15 10:00:00'),
(1275, '2020-07-15 10:00:00', '2020-07-15 10:30:00'),
(1276, '2020-07-15 10:30:00', '2020-07-15 11:00:00'),
(1277, '2020-07-15 11:00:00', '2020-07-15 11:30:00'),
(1278, '2020-07-15 11:30:00', '2020-07-15 12:00:00'),
(1279, '2020-07-15 12:00:00', '2020-07-15 12:30:00'),
(1280, '2020-07-15 12:30:00', '2020-07-15 13:00:00'),
(1281, '2020-07-15 13:00:00', '2020-07-15 13:30:00'),
(1282, '2020-07-15 13:30:00', '2020-07-15 14:00:00'),
(1283, '2020-07-15 14:00:00', '2020-07-15 14:30:00'),
(1284, '2020-07-15 14:30:00', '2020-07-15 15:00:00'),
(1285, '2020-07-15 15:00:00', '2020-07-15 15:30:00'),
(1286, '2020-07-15 15:30:00', '2020-07-15 16:00:00'),
(1287, '2020-07-15 16:00:00', '2020-07-15 16:30:00'),
(1288, '2020-07-15 16:30:00', '2020-07-15 17:00:00'),
(1290, '2020-07-16 09:00:00', '2020-07-16 09:30:00'),
(1291, '2020-07-16 09:30:00', '2020-07-16 10:00:00'),
(1292, '2020-07-16 10:00:00', '2020-07-16 10:30:00'),
(1293, '2020-07-16 10:30:00', '2020-07-16 11:00:00'),
(1294, '2020-07-16 11:00:00', '2020-07-16 11:30:00'),
(1295, '2020-07-16 11:30:00', '2020-07-16 12:00:00'),
(1296, '2020-07-16 12:00:00', '2020-07-16 12:30:00'),
(1297, '2020-07-16 12:30:00', '2020-07-16 13:00:00'),
(1298, '2020-07-16 13:00:00', '2020-07-16 13:30:00'),
(1299, '2020-07-16 13:30:00', '2020-07-16 14:00:00'),
(1300, '2020-07-16 14:00:00', '2020-07-16 14:30:00'),
(1301, '2020-07-16 14:30:00', '2020-07-16 15:00:00'),
(1302, '2020-07-16 15:00:00', '2020-07-16 15:30:00'),
(1303, '2020-07-16 15:30:00', '2020-07-16 16:00:00'),
(1304, '2020-07-16 16:00:00', '2020-07-16 16:30:00'),
(1305, '2020-07-16 16:30:00', '2020-07-16 17:00:00'),
(1307, '2020-07-17 09:00:00', '2020-07-17 09:30:00'),
(1308, '2020-07-17 09:30:00', '2020-07-17 10:00:00'),
(1309, '2020-07-17 10:00:00', '2020-07-17 10:30:00'),
(1310, '2020-07-17 10:30:00', '2020-07-17 11:00:00'),
(1311, '2020-07-17 11:00:00', '2020-07-17 11:30:00'),
(1312, '2020-07-17 11:30:00', '2020-07-17 12:00:00'),
(1313, '2020-07-17 12:00:00', '2020-07-17 12:30:00'),
(1314, '2020-07-17 12:30:00', '2020-07-17 13:00:00'),
(1315, '2020-07-17 13:00:00', '2020-07-17 13:30:00'),
(1316, '2020-07-17 13:30:00', '2020-07-17 14:00:00'),
(1317, '2020-07-17 14:00:00', '2020-07-17 14:30:00'),
(1318, '2020-07-17 14:30:00', '2020-07-17 15:00:00'),
(1319, '2020-07-17 15:00:00', '2020-07-17 15:30:00'),
(1320, '2020-07-17 15:30:00', '2020-07-17 16:00:00'),
(1321, '2020-07-17 16:00:00', '2020-07-17 16:30:00'),
(1322, '2020-07-17 16:30:00', '2020-07-17 17:00:00'),
(1324, '2020-07-18 09:00:00', '2020-07-18 09:30:00'),
(1325, '2020-07-18 09:30:00', '2020-07-18 10:00:00'),
(1326, '2020-07-18 10:00:00', '2020-07-18 10:30:00'),
(1327, '2020-07-18 10:30:00', '2020-07-18 11:00:00'),
(1328, '2020-07-18 11:00:00', '2020-07-18 11:30:00'),
(1329, '2020-07-18 11:30:00', '2020-07-18 12:00:00'),
(1330, '2020-07-18 12:00:00', '2020-07-18 12:30:00'),
(1331, '2020-07-18 12:30:00', '2020-07-18 13:00:00'),
(1332, '2020-07-18 13:00:00', '2020-07-18 13:30:00'),
(1333, '2020-07-18 13:30:00', '2020-07-18 14:00:00'),
(1334, '2020-07-18 14:00:00', '2020-07-18 14:30:00'),
(1335, '2020-07-18 14:30:00', '2020-07-18 15:00:00'),
(1336, '2020-07-18 15:00:00', '2020-07-18 15:30:00'),
(1337, '2020-07-18 15:30:00', '2020-07-18 16:00:00'),
(1338, '2020-07-18 16:00:00', '2020-07-18 16:30:00'),
(1339, '2020-07-18 16:30:00', '2020-07-18 17:00:00'),
(1341, '2020-07-21 09:00:00', '2020-07-21 09:30:00'),
(1342, '2020-07-21 09:30:00', '2020-07-21 10:00:00'),
(1343, '2020-07-21 10:00:00', '2020-07-21 10:30:00'),
(1344, '2020-07-21 10:30:00', '2020-07-21 11:00:00'),
(1345, '2020-07-21 11:00:00', '2020-07-21 11:30:00'),
(1346, '2020-07-21 11:30:00', '2020-07-21 12:00:00'),
(1347, '2020-07-21 12:00:00', '2020-07-21 12:30:00'),
(1348, '2020-07-21 12:30:00', '2020-07-21 13:00:00'),
(1349, '2020-07-21 13:00:00', '2020-07-21 13:30:00'),
(1350, '2020-07-21 13:30:00', '2020-07-21 14:00:00'),
(1351, '2020-07-21 14:00:00', '2020-07-21 14:30:00'),
(1352, '2020-07-21 14:30:00', '2020-07-21 15:00:00'),
(1353, '2020-07-21 15:00:00', '2020-07-21 15:30:00'),
(1354, '2020-07-21 15:30:00', '2020-07-21 16:00:00'),
(1355, '2020-07-21 16:00:00', '2020-07-21 16:30:00'),
(1356, '2020-07-21 16:30:00', '2020-07-21 17:00:00'),
(1358, '2020-07-22 09:00:00', '2020-07-22 09:30:00'),
(1359, '2020-07-22 09:30:00', '2020-07-22 10:00:00'),
(1360, '2020-07-22 10:00:00', '2020-07-22 10:30:00'),
(1361, '2020-07-22 10:30:00', '2020-07-22 11:00:00'),
(1362, '2020-07-22 11:00:00', '2020-07-22 11:30:00'),
(1363, '2020-07-22 11:30:00', '2020-07-22 12:00:00'),
(1364, '2020-07-22 12:00:00', '2020-07-22 12:30:00'),
(1365, '2020-07-22 12:30:00', '2020-07-22 13:00:00'),
(1366, '2020-07-22 13:00:00', '2020-07-22 13:30:00'),
(1367, '2020-07-22 13:30:00', '2020-07-22 14:00:00'),
(1368, '2020-07-22 14:00:00', '2020-07-22 14:30:00'),
(1369, '2020-07-22 14:30:00', '2020-07-22 15:00:00'),
(1370, '2020-07-22 15:00:00', '2020-07-22 15:30:00'),
(1371, '2020-07-22 15:30:00', '2020-07-22 16:00:00'),
(1372, '2020-07-22 16:00:00', '2020-07-22 16:30:00'),
(1373, '2020-07-22 16:30:00', '2020-07-22 17:00:00'),
(1375, '2020-07-23 09:00:00', '2020-07-23 09:30:00'),
(1376, '2020-07-23 09:30:00', '2020-07-23 10:00:00'),
(1377, '2020-07-23 10:00:00', '2020-07-23 10:30:00'),
(1378, '2020-07-23 10:30:00', '2020-07-23 11:00:00'),
(1379, '2020-07-23 11:00:00', '2020-07-23 11:30:00'),
(1380, '2020-07-23 11:30:00', '2020-07-23 12:00:00'),
(1381, '2020-07-23 12:00:00', '2020-07-23 12:30:00'),
(1382, '2020-07-23 12:30:00', '2020-07-23 13:00:00'),
(1383, '2020-07-23 13:00:00', '2020-07-23 13:30:00'),
(1384, '2020-07-23 13:30:00', '2020-07-23 14:00:00'),
(1385, '2020-07-23 14:00:00', '2020-07-23 14:30:00'),
(1386, '2020-07-23 14:30:00', '2020-07-23 15:00:00'),
(1387, '2020-07-23 15:00:00', '2020-07-23 15:30:00'),
(1388, '2020-07-23 15:30:00', '2020-07-23 16:00:00'),
(1389, '2020-07-23 16:00:00', '2020-07-23 16:30:00'),
(1390, '2020-07-23 16:30:00', '2020-07-23 17:00:00'),
(1392, '2020-07-24 09:00:00', '2020-07-24 09:30:00'),
(1393, '2020-07-24 09:30:00', '2020-07-24 10:00:00'),
(1394, '2020-07-24 10:00:00', '2020-07-24 10:30:00'),
(1395, '2020-07-24 10:30:00', '2020-07-24 11:00:00'),
(1396, '2020-07-24 11:00:00', '2020-07-24 11:30:00'),
(1397, '2020-07-24 11:30:00', '2020-07-24 12:00:00'),
(1398, '2020-07-24 12:00:00', '2020-07-24 12:30:00'),
(1399, '2020-07-24 12:30:00', '2020-07-24 13:00:00'),
(1400, '2020-07-24 13:00:00', '2020-07-24 13:30:00'),
(1401, '2020-07-24 13:30:00', '2020-07-24 14:00:00'),
(1402, '2020-07-24 14:00:00', '2020-07-24 14:30:00'),
(1403, '2020-07-24 14:30:00', '2020-07-24 15:00:00'),
(1404, '2020-07-24 15:00:00', '2020-07-24 15:30:00'),
(1405, '2020-07-24 15:30:00', '2020-07-24 16:00:00'),
(1406, '2020-07-24 16:00:00', '2020-07-24 16:30:00'),
(1407, '2020-07-24 16:30:00', '2020-07-24 17:00:00'),
(1409, '2020-07-25 09:00:00', '2020-07-25 09:30:00'),
(1410, '2020-07-25 09:30:00', '2020-07-25 10:00:00'),
(1411, '2020-07-25 10:00:00', '2020-07-25 10:30:00'),
(1412, '2020-07-25 10:30:00', '2020-07-25 11:00:00'),
(1413, '2020-07-25 11:00:00', '2020-07-25 11:30:00'),
(1414, '2020-07-25 11:30:00', '2020-07-25 12:00:00'),
(1415, '2020-07-25 12:00:00', '2020-07-25 12:30:00'),
(1416, '2020-07-25 12:30:00', '2020-07-25 13:00:00'),
(1417, '2020-07-25 13:00:00', '2020-07-25 13:30:00'),
(1418, '2020-07-25 13:30:00', '2020-07-25 14:00:00'),
(1419, '2020-07-25 14:00:00', '2020-07-25 14:30:00'),
(1420, '2020-07-25 14:30:00', '2020-07-25 15:00:00'),
(1421, '2020-07-25 15:00:00', '2020-07-25 15:30:00'),
(1422, '2020-07-25 15:30:00', '2020-07-25 16:00:00'),
(1423, '2020-07-25 16:00:00', '2020-07-25 16:30:00'),
(1424, '2020-07-25 16:30:00', '2020-07-25 17:00:00'),
(1426, '2020-07-28 09:00:00', '2020-07-28 09:30:00'),
(1427, '2020-07-28 09:30:00', '2020-07-28 10:00:00'),
(1428, '2020-07-28 10:00:00', '2020-07-28 10:30:00'),
(1429, '2020-07-28 10:30:00', '2020-07-28 11:00:00'),
(1430, '2020-07-28 11:00:00', '2020-07-28 11:30:00'),
(1431, '2020-07-28 11:30:00', '2020-07-28 12:00:00'),
(1432, '2020-07-28 12:00:00', '2020-07-28 12:30:00'),
(1433, '2020-07-28 12:30:00', '2020-07-28 13:00:00'),
(1434, '2020-07-28 13:00:00', '2020-07-28 13:30:00'),
(1435, '2020-07-28 13:30:00', '2020-07-28 14:00:00'),
(1436, '2020-07-28 14:00:00', '2020-07-28 14:30:00'),
(1437, '2020-07-28 14:30:00', '2020-07-28 15:00:00'),
(1438, '2020-07-28 15:00:00', '2020-07-28 15:30:00'),
(1439, '2020-07-28 15:30:00', '2020-07-28 16:00:00'),
(1440, '2020-07-28 16:00:00', '2020-07-28 16:30:00'),
(1441, '2020-07-28 16:30:00', '2020-07-28 17:00:00'),
(1443, '2020-07-29 09:00:00', '2020-07-29 09:30:00'),
(1444, '2020-07-29 09:30:00', '2020-07-29 10:00:00'),
(1445, '2020-07-29 10:00:00', '2020-07-29 10:30:00'),
(1446, '2020-07-29 10:30:00', '2020-07-29 11:00:00'),
(1447, '2020-07-29 11:00:00', '2020-07-29 11:30:00'),
(1448, '2020-07-29 11:30:00', '2020-07-29 12:00:00'),
(1449, '2020-07-29 12:00:00', '2020-07-29 12:30:00'),
(1450, '2020-07-29 12:30:00', '2020-07-29 13:00:00'),
(1451, '2020-07-29 13:00:00', '2020-07-29 13:30:00'),
(1452, '2020-07-29 13:30:00', '2020-07-29 14:00:00'),
(1453, '2020-07-29 14:00:00', '2020-07-29 14:30:00'),
(1454, '2020-07-29 14:30:00', '2020-07-29 15:00:00'),
(1455, '2020-07-29 15:00:00', '2020-07-29 15:30:00'),
(1456, '2020-07-29 15:30:00', '2020-07-29 16:00:00'),
(1457, '2020-07-29 16:00:00', '2020-07-29 16:30:00'),
(1458, '2020-07-29 16:30:00', '2020-07-29 17:00:00'),
(1460, '2020-07-30 09:00:00', '2020-07-30 09:30:00'),
(1461, '2020-07-30 09:30:00', '2020-07-30 10:00:00'),
(1462, '2020-07-30 10:00:00', '2020-07-30 10:30:00'),
(1463, '2020-07-30 10:30:00', '2020-07-30 11:00:00'),
(1464, '2020-07-30 11:00:00', '2020-07-30 11:30:00'),
(1465, '2020-07-30 11:30:00', '2020-07-30 12:00:00'),
(1466, '2020-07-30 12:00:00', '2020-07-30 12:30:00'),
(1467, '2020-07-30 12:30:00', '2020-07-30 13:00:00'),
(1468, '2020-07-30 13:00:00', '2020-07-30 13:30:00'),
(1469, '2020-07-30 13:30:00', '2020-07-30 14:00:00'),
(1470, '2020-07-30 14:00:00', '2020-07-30 14:30:00'),
(1471, '2020-07-30 14:30:00', '2020-07-30 15:00:00'),
(1472, '2020-07-30 15:00:00', '2020-07-30 15:30:00'),
(1473, '2020-07-30 15:30:00', '2020-07-30 16:00:00'),
(1474, '2020-07-30 16:00:00', '2020-07-30 16:30:00'),
(1475, '2020-07-30 16:30:00', '2020-07-30 17:00:00'),
(1477, '2020-07-31 09:00:00', '2020-07-31 09:30:00'),
(1478, '2020-07-31 09:30:00', '2020-07-31 10:00:00'),
(1479, '2020-07-31 10:00:00', '2020-07-31 10:30:00'),
(1480, '2020-07-31 10:30:00', '2020-07-31 11:00:00'),
(1481, '2020-07-31 11:00:00', '2020-07-31 11:30:00'),
(1482, '2020-07-31 11:30:00', '2020-07-31 12:00:00'),
(1483, '2020-07-31 12:00:00', '2020-07-31 12:30:00'),
(1484, '2020-07-31 12:30:00', '2020-07-31 13:00:00'),
(1485, '2020-07-31 13:00:00', '2020-07-31 13:30:00'),
(1486, '2020-07-31 13:30:00', '2020-07-31 14:00:00'),
(1487, '2020-07-31 14:00:00', '2020-07-31 14:30:00'),
(1488, '2020-07-31 14:30:00', '2020-07-31 15:00:00'),
(1489, '2020-07-31 15:00:00', '2020-07-31 15:30:00'),
(1490, '2020-07-31 15:30:00', '2020-07-31 16:00:00'),
(1491, '2020-07-31 16:00:00', '2020-07-31 16:30:00'),
(1492, '2020-07-31 16:30:00', '2020-07-31 17:00:00'),
(1493, '2020-08-01 09:00:00', '2020-08-01 09:30:00'),
(1494, '2020-08-01 09:30:00', '2020-08-01 10:00:00'),
(1495, '2020-08-01 10:00:00', '2020-08-01 10:30:00'),
(1496, '2020-08-01 10:30:00', '2020-08-01 11:00:00'),
(1497, '2020-08-01 11:00:00', '2020-08-01 11:30:00'),
(1498, '2020-08-01 11:30:00', '2020-08-01 12:00:00'),
(1499, '2020-08-01 12:00:00', '2020-08-01 12:30:00'),
(1500, '2020-08-01 12:30:00', '2020-08-01 13:00:00'),
(1501, '2020-08-01 13:00:00', '2020-08-01 13:30:00'),
(1502, '2020-08-01 13:30:00', '2020-08-01 14:00:00'),
(1503, '2020-08-01 14:00:00', '2020-08-01 14:30:00'),
(1504, '2020-08-01 14:30:00', '2020-08-01 15:00:00'),
(1505, '2020-08-01 15:00:00', '2020-08-01 15:30:00'),
(1506, '2020-08-01 15:30:00', '2020-08-01 16:00:00'),
(1507, '2020-08-01 16:00:00', '2020-08-01 16:30:00'),
(1508, '2020-08-01 16:30:00', '2020-08-01 17:00:00'),
(1510, '2020-08-04 09:00:00', '2020-08-04 09:30:00'),
(1511, '2020-08-04 09:30:00', '2020-08-04 10:00:00'),
(1512, '2020-08-04 10:00:00', '2020-08-04 10:30:00'),
(1513, '2020-08-04 10:30:00', '2020-08-04 11:00:00'),
(1514, '2020-08-04 11:00:00', '2020-08-04 11:30:00'),
(1515, '2020-08-04 11:30:00', '2020-08-04 12:00:00'),
(1516, '2020-08-04 12:00:00', '2020-08-04 12:30:00'),
(1517, '2020-08-04 12:30:00', '2020-08-04 13:00:00'),
(1518, '2020-08-04 13:00:00', '2020-08-04 13:30:00'),
(1519, '2020-08-04 13:30:00', '2020-08-04 14:00:00'),
(1520, '2020-08-04 14:00:00', '2020-08-04 14:30:00'),
(1521, '2020-08-04 14:30:00', '2020-08-04 15:00:00'),
(1522, '2020-08-04 15:00:00', '2020-08-04 15:30:00'),
(1523, '2020-08-04 15:30:00', '2020-08-04 16:00:00'),
(1524, '2020-08-04 16:00:00', '2020-08-04 16:30:00'),
(1525, '2020-08-04 16:30:00', '2020-08-04 17:00:00'),
(1527, '2020-08-05 09:00:00', '2020-08-05 09:30:00'),
(1528, '2020-08-05 09:30:00', '2020-08-05 10:00:00'),
(1529, '2020-08-05 10:00:00', '2020-08-05 10:30:00'),
(1530, '2020-08-05 10:30:00', '2020-08-05 11:00:00'),
(1531, '2020-08-05 11:00:00', '2020-08-05 11:30:00'),
(1532, '2020-08-05 11:30:00', '2020-08-05 12:00:00'),
(1533, '2020-08-05 12:00:00', '2020-08-05 12:30:00'),
(1534, '2020-08-05 12:30:00', '2020-08-05 13:00:00'),
(1535, '2020-08-05 13:00:00', '2020-08-05 13:30:00'),
(1536, '2020-08-05 13:30:00', '2020-08-05 14:00:00'),
(1537, '2020-08-05 14:00:00', '2020-08-05 14:30:00'),
(1538, '2020-08-05 14:30:00', '2020-08-05 15:00:00'),
(1539, '2020-08-05 15:00:00', '2020-08-05 15:30:00'),
(1540, '2020-08-05 15:30:00', '2020-08-05 16:00:00'),
(1541, '2020-08-05 16:00:00', '2020-08-05 16:30:00'),
(1542, '2020-08-05 16:30:00', '2020-08-05 17:00:00'),
(1544, '2020-08-06 09:00:00', '2020-08-06 09:30:00'),
(1545, '2020-08-06 09:30:00', '2020-08-06 10:00:00'),
(1546, '2020-08-06 10:00:00', '2020-08-06 10:30:00'),
(1547, '2020-08-06 10:30:00', '2020-08-06 11:00:00'),
(1548, '2020-08-06 11:00:00', '2020-08-06 11:30:00'),
(1549, '2020-08-06 11:30:00', '2020-08-06 12:00:00'),
(1550, '2020-08-06 12:00:00', '2020-08-06 12:30:00'),
(1551, '2020-08-06 12:30:00', '2020-08-06 13:00:00'),
(1552, '2020-08-06 13:00:00', '2020-08-06 13:30:00'),
(1553, '2020-08-06 13:30:00', '2020-08-06 14:00:00'),
(1554, '2020-08-06 14:00:00', '2020-08-06 14:30:00'),
(1555, '2020-08-06 14:30:00', '2020-08-06 15:00:00'),
(1556, '2020-08-06 15:00:00', '2020-08-06 15:30:00'),
(1557, '2020-08-06 15:30:00', '2020-08-06 16:00:00'),
(1558, '2020-08-06 16:00:00', '2020-08-06 16:30:00'),
(1559, '2020-08-06 16:30:00', '2020-08-06 17:00:00'),
(1561, '2020-08-07 09:00:00', '2020-08-07 09:30:00'),
(1562, '2020-08-07 09:30:00', '2020-08-07 10:00:00'),
(1563, '2020-08-07 10:00:00', '2020-08-07 10:30:00'),
(1564, '2020-08-07 10:30:00', '2020-08-07 11:00:00'),
(1565, '2020-08-07 11:00:00', '2020-08-07 11:30:00'),
(1566, '2020-08-07 11:30:00', '2020-08-07 12:00:00'),
(1567, '2020-08-07 12:00:00', '2020-08-07 12:30:00'),
(1568, '2020-08-07 12:30:00', '2020-08-07 13:00:00'),
(1569, '2020-08-07 13:00:00', '2020-08-07 13:30:00'),
(1570, '2020-08-07 13:30:00', '2020-08-07 14:00:00'),
(1571, '2020-08-07 14:00:00', '2020-08-07 14:30:00'),
(1572, '2020-08-07 14:30:00', '2020-08-07 15:00:00'),
(1573, '2020-08-07 15:00:00', '2020-08-07 15:30:00'),
(1574, '2020-08-07 15:30:00', '2020-08-07 16:00:00'),
(1575, '2020-08-07 16:00:00', '2020-08-07 16:30:00'),
(1576, '2020-08-07 16:30:00', '2020-08-07 17:00:00'),
(1578, '2020-08-08 09:00:00', '2020-08-08 09:30:00'),
(1579, '2020-08-08 09:30:00', '2020-08-08 10:00:00'),
(1580, '2020-08-08 10:00:00', '2020-08-08 10:30:00'),
(1581, '2020-08-08 10:30:00', '2020-08-08 11:00:00'),
(1582, '2020-08-08 11:00:00', '2020-08-08 11:30:00'),
(1583, '2020-08-08 11:30:00', '2020-08-08 12:00:00'),
(1584, '2020-08-08 12:00:00', '2020-08-08 12:30:00'),
(1585, '2020-08-08 12:30:00', '2020-08-08 13:00:00'),
(1586, '2020-08-08 13:00:00', '2020-08-08 13:30:00'),
(1587, '2020-08-08 13:30:00', '2020-08-08 14:00:00'),
(1588, '2020-08-08 14:00:00', '2020-08-08 14:30:00'),
(1589, '2020-08-08 14:30:00', '2020-08-08 15:00:00'),
(1590, '2020-08-08 15:00:00', '2020-08-08 15:30:00'),
(1591, '2020-08-08 15:30:00', '2020-08-08 16:00:00'),
(1592, '2020-08-08 16:00:00', '2020-08-08 16:30:00'),
(1593, '2020-08-08 16:30:00', '2020-08-08 17:00:00'),
(1595, '2020-08-11 09:00:00', '2020-08-11 09:30:00'),
(1596, '2020-08-11 09:30:00', '2020-08-11 10:00:00'),
(1597, '2020-08-11 10:00:00', '2020-08-11 10:30:00'),
(1598, '2020-08-11 10:30:00', '2020-08-11 11:00:00'),
(1599, '2020-08-11 11:00:00', '2020-08-11 11:30:00'),
(1600, '2020-08-11 11:30:00', '2020-08-11 12:00:00'),
(1601, '2020-08-11 12:00:00', '2020-08-11 12:30:00'),
(1602, '2020-08-11 12:30:00', '2020-08-11 13:00:00'),
(1603, '2020-08-11 13:00:00', '2020-08-11 13:30:00'),
(1604, '2020-08-11 13:30:00', '2020-08-11 14:00:00'),
(1605, '2020-08-11 14:00:00', '2020-08-11 14:30:00'),
(1606, '2020-08-11 14:30:00', '2020-08-11 15:00:00'),
(1607, '2020-08-11 15:00:00', '2020-08-11 15:30:00'),
(1608, '2020-08-11 15:30:00', '2020-08-11 16:00:00'),
(1609, '2020-08-11 16:00:00', '2020-08-11 16:30:00'),
(1610, '2020-08-11 16:30:00', '2020-08-11 17:00:00'),
(1612, '2020-08-12 09:00:00', '2020-08-12 09:30:00'),
(1613, '2020-08-12 09:30:00', '2020-08-12 10:00:00'),
(1614, '2020-08-12 10:00:00', '2020-08-12 10:30:00'),
(1615, '2020-08-12 10:30:00', '2020-08-12 11:00:00'),
(1616, '2020-08-12 11:00:00', '2020-08-12 11:30:00'),
(1617, '2020-08-12 11:30:00', '2020-08-12 12:00:00'),
(1618, '2020-08-12 12:00:00', '2020-08-12 12:30:00'),
(1619, '2020-08-12 12:30:00', '2020-08-12 13:00:00'),
(1620, '2020-08-12 13:00:00', '2020-08-12 13:30:00'),
(1621, '2020-08-12 13:30:00', '2020-08-12 14:00:00'),
(1622, '2020-08-12 14:00:00', '2020-08-12 14:30:00'),
(1623, '2020-08-12 14:30:00', '2020-08-12 15:00:00'),
(1624, '2020-08-12 15:00:00', '2020-08-12 15:30:00'),
(1625, '2020-08-12 15:30:00', '2020-08-12 16:00:00'),
(1626, '2020-08-12 16:00:00', '2020-08-12 16:30:00'),
(1627, '2020-08-12 16:30:00', '2020-08-12 17:00:00'),
(1629, '2020-08-13 09:00:00', '2020-08-13 09:30:00'),
(1630, '2020-08-13 09:30:00', '2020-08-13 10:00:00'),
(1631, '2020-08-13 10:00:00', '2020-08-13 10:30:00'),
(1632, '2020-08-13 10:30:00', '2020-08-13 11:00:00'),
(1633, '2020-08-13 11:00:00', '2020-08-13 11:30:00'),
(1634, '2020-08-13 11:30:00', '2020-08-13 12:00:00'),
(1635, '2020-08-13 12:00:00', '2020-08-13 12:30:00'),
(1636, '2020-08-13 12:30:00', '2020-08-13 13:00:00'),
(1637, '2020-08-13 13:00:00', '2020-08-13 13:30:00'),
(1638, '2020-08-13 13:30:00', '2020-08-13 14:00:00'),
(1639, '2020-08-13 14:00:00', '2020-08-13 14:30:00'),
(1640, '2020-08-13 14:30:00', '2020-08-13 15:00:00'),
(1641, '2020-08-13 15:00:00', '2020-08-13 15:30:00'),
(1642, '2020-08-13 15:30:00', '2020-08-13 16:00:00'),
(1643, '2020-08-13 16:00:00', '2020-08-13 16:30:00'),
(1644, '2020-08-13 16:30:00', '2020-08-13 17:00:00'),
(1646, '2020-08-14 09:00:00', '2020-08-14 09:30:00'),
(1647, '2020-08-14 09:30:00', '2020-08-14 10:00:00'),
(1648, '2020-08-14 10:00:00', '2020-08-14 10:30:00'),
(1649, '2020-08-14 10:30:00', '2020-08-14 11:00:00'),
(1650, '2020-08-14 11:00:00', '2020-08-14 11:30:00'),
(1651, '2020-08-14 11:30:00', '2020-08-14 12:00:00'),
(1652, '2020-08-14 12:00:00', '2020-08-14 12:30:00'),
(1653, '2020-08-14 12:30:00', '2020-08-14 13:00:00'),
(1654, '2020-08-14 13:00:00', '2020-08-14 13:30:00'),
(1655, '2020-08-14 13:30:00', '2020-08-14 14:00:00'),
(1656, '2020-08-14 14:00:00', '2020-08-14 14:30:00'),
(1657, '2020-08-14 14:30:00', '2020-08-14 15:00:00'),
(1658, '2020-08-14 15:00:00', '2020-08-14 15:30:00'),
(1659, '2020-08-14 15:30:00', '2020-08-14 16:00:00'),
(1660, '2020-08-14 16:00:00', '2020-08-14 16:30:00'),
(1661, '2020-08-14 16:30:00', '2020-08-14 17:00:00'),
(1663, '2020-08-15 09:00:00', '2020-08-15 09:30:00'),
(1664, '2020-08-15 09:30:00', '2020-08-15 10:00:00'),
(1665, '2020-08-15 10:00:00', '2020-08-15 10:30:00'),
(1666, '2020-08-15 10:30:00', '2020-08-15 11:00:00'),
(1667, '2020-08-15 11:00:00', '2020-08-15 11:30:00'),
(1668, '2020-08-15 11:30:00', '2020-08-15 12:00:00'),
(1669, '2020-08-15 12:00:00', '2020-08-15 12:30:00'),
(1670, '2020-08-15 12:30:00', '2020-08-15 13:00:00'),
(1671, '2020-08-15 13:00:00', '2020-08-15 13:30:00'),
(1672, '2020-08-15 13:30:00', '2020-08-15 14:00:00'),
(1673, '2020-08-15 14:00:00', '2020-08-15 14:30:00'),
(1674, '2020-08-15 14:30:00', '2020-08-15 15:00:00'),
(1675, '2020-08-15 15:00:00', '2020-08-15 15:30:00'),
(1676, '2020-08-15 15:30:00', '2020-08-15 16:00:00'),
(1677, '2020-08-15 16:00:00', '2020-08-15 16:30:00'),
(1678, '2020-08-15 16:30:00', '2020-08-15 17:00:00'),
(1680, '2020-08-18 09:00:00', '2020-08-18 09:30:00'),
(1681, '2020-08-18 09:30:00', '2020-08-18 10:00:00'),
(1682, '2020-08-18 10:00:00', '2020-08-18 10:30:00'),
(1683, '2020-08-18 10:30:00', '2020-08-18 11:00:00'),
(1684, '2020-08-18 11:00:00', '2020-08-18 11:30:00'),
(1685, '2020-08-18 11:30:00', '2020-08-18 12:00:00'),
(1686, '2020-08-18 12:00:00', '2020-08-18 12:30:00'),
(1687, '2020-08-18 12:30:00', '2020-08-18 13:00:00'),
(1688, '2020-08-18 13:00:00', '2020-08-18 13:30:00'),
(1689, '2020-08-18 13:30:00', '2020-08-18 14:00:00'),
(1690, '2020-08-18 14:00:00', '2020-08-18 14:30:00'),
(1691, '2020-08-18 14:30:00', '2020-08-18 15:00:00'),
(1692, '2020-08-18 15:00:00', '2020-08-18 15:30:00'),
(1693, '2020-08-18 15:30:00', '2020-08-18 16:00:00'),
(1694, '2020-08-18 16:00:00', '2020-08-18 16:30:00'),
(1695, '2020-08-18 16:30:00', '2020-08-18 17:00:00'),
(1697, '2020-08-19 09:00:00', '2020-08-19 09:30:00'),
(1698, '2020-08-19 09:30:00', '2020-08-19 10:00:00'),
(1699, '2020-08-19 10:00:00', '2020-08-19 10:30:00'),
(1700, '2020-08-19 10:30:00', '2020-08-19 11:00:00'),
(1701, '2020-08-19 11:00:00', '2020-08-19 11:30:00'),
(1702, '2020-08-19 11:30:00', '2020-08-19 12:00:00'),
(1703, '2020-08-19 12:00:00', '2020-08-19 12:30:00'),
(1704, '2020-08-19 12:30:00', '2020-08-19 13:00:00'),
(1705, '2020-08-19 13:00:00', '2020-08-19 13:30:00'),
(1706, '2020-08-19 13:30:00', '2020-08-19 14:00:00'),
(1707, '2020-08-19 14:00:00', '2020-08-19 14:30:00'),
(1708, '2020-08-19 14:30:00', '2020-08-19 15:00:00'),
(1709, '2020-08-19 15:00:00', '2020-08-19 15:30:00'),
(1710, '2020-08-19 15:30:00', '2020-08-19 16:00:00'),
(1711, '2020-08-19 16:00:00', '2020-08-19 16:30:00'),
(1712, '2020-08-19 16:30:00', '2020-08-19 17:00:00'),
(1714, '2020-08-20 09:00:00', '2020-08-20 09:30:00'),
(1715, '2020-08-20 09:30:00', '2020-08-20 10:00:00'),
(1716, '2020-08-20 10:00:00', '2020-08-20 10:30:00'),
(1717, '2020-08-20 10:30:00', '2020-08-20 11:00:00'),
(1718, '2020-08-20 11:00:00', '2020-08-20 11:30:00'),
(1719, '2020-08-20 11:30:00', '2020-08-20 12:00:00'),
(1720, '2020-08-20 12:00:00', '2020-08-20 12:30:00'),
(1721, '2020-08-20 12:30:00', '2020-08-20 13:00:00'),
(1722, '2020-08-20 13:00:00', '2020-08-20 13:30:00'),
(1723, '2020-08-20 13:30:00', '2020-08-20 14:00:00'),
(1724, '2020-08-20 14:00:00', '2020-08-20 14:30:00'),
(1725, '2020-08-20 14:30:00', '2020-08-20 15:00:00'),
(1726, '2020-08-20 15:00:00', '2020-08-20 15:30:00'),
(1727, '2020-08-20 15:30:00', '2020-08-20 16:00:00'),
(1728, '2020-08-20 16:00:00', '2020-08-20 16:30:00'),
(1729, '2020-08-20 16:30:00', '2020-08-20 17:00:00'),
(1731, '2020-08-21 09:00:00', '2020-08-21 09:30:00'),
(1732, '2020-08-21 09:30:00', '2020-08-21 10:00:00'),
(1733, '2020-08-21 10:00:00', '2020-08-21 10:30:00'),
(1734, '2020-08-21 10:30:00', '2020-08-21 11:00:00'),
(1735, '2020-08-21 11:00:00', '2020-08-21 11:30:00'),
(1736, '2020-08-21 11:30:00', '2020-08-21 12:00:00'),
(1737, '2020-08-21 12:00:00', '2020-08-21 12:30:00'),
(1738, '2020-08-21 12:30:00', '2020-08-21 13:00:00'),
(1739, '2020-08-21 13:00:00', '2020-08-21 13:30:00'),
(1740, '2020-08-21 13:30:00', '2020-08-21 14:00:00'),
(1741, '2020-08-21 14:00:00', '2020-08-21 14:30:00'),
(1742, '2020-08-21 14:30:00', '2020-08-21 15:00:00'),
(1743, '2020-08-21 15:00:00', '2020-08-21 15:30:00'),
(1744, '2020-08-21 15:30:00', '2020-08-21 16:00:00'),
(1745, '2020-08-21 16:00:00', '2020-08-21 16:30:00'),
(1746, '2020-08-21 16:30:00', '2020-08-21 17:00:00'),
(1748, '2020-08-22 09:00:00', '2020-08-22 09:30:00'),
(1749, '2020-08-22 09:30:00', '2020-08-22 10:00:00'),
(1750, '2020-08-22 10:00:00', '2020-08-22 10:30:00'),
(1751, '2020-08-22 10:30:00', '2020-08-22 11:00:00'),
(1752, '2020-08-22 11:00:00', '2020-08-22 11:30:00'),
(1753, '2020-08-22 11:30:00', '2020-08-22 12:00:00'),
(1754, '2020-08-22 12:00:00', '2020-08-22 12:30:00'),
(1755, '2020-08-22 12:30:00', '2020-08-22 13:00:00'),
(1756, '2020-08-22 13:00:00', '2020-08-22 13:30:00'),
(1757, '2020-08-22 13:30:00', '2020-08-22 14:00:00'),
(1758, '2020-08-22 14:00:00', '2020-08-22 14:30:00'),
(1759, '2020-08-22 14:30:00', '2020-08-22 15:00:00'),
(1760, '2020-08-22 15:00:00', '2020-08-22 15:30:00'),
(1761, '2020-08-22 15:30:00', '2020-08-22 16:00:00'),
(1762, '2020-08-22 16:00:00', '2020-08-22 16:30:00'),
(1763, '2020-08-22 16:30:00', '2020-08-22 17:00:00'),
(1765, '2020-08-25 09:00:00', '2020-08-25 09:30:00'),
(1766, '2020-08-25 09:30:00', '2020-08-25 10:00:00'),
(1767, '2020-08-25 10:00:00', '2020-08-25 10:30:00'),
(1768, '2020-08-25 10:30:00', '2020-08-25 11:00:00'),
(1769, '2020-08-25 11:00:00', '2020-08-25 11:30:00'),
(1770, '2020-08-25 11:30:00', '2020-08-25 12:00:00'),
(1771, '2020-08-25 12:00:00', '2020-08-25 12:30:00'),
(1772, '2020-08-25 12:30:00', '2020-08-25 13:00:00'),
(1773, '2020-08-25 13:00:00', '2020-08-25 13:30:00'),
(1774, '2020-08-25 13:30:00', '2020-08-25 14:00:00'),
(1775, '2020-08-25 14:00:00', '2020-08-25 14:30:00'),
(1776, '2020-08-25 14:30:00', '2020-08-25 15:00:00'),
(1777, '2020-08-25 15:00:00', '2020-08-25 15:30:00'),
(1778, '2020-08-25 15:30:00', '2020-08-25 16:00:00'),
(1779, '2020-08-25 16:00:00', '2020-08-25 16:30:00'),
(1780, '2020-08-25 16:30:00', '2020-08-25 17:00:00'),
(1782, '2020-08-26 09:00:00', '2020-08-26 09:30:00'),
(1783, '2020-08-26 09:30:00', '2020-08-26 10:00:00'),
(1784, '2020-08-26 10:00:00', '2020-08-26 10:30:00'),
(1785, '2020-08-26 10:30:00', '2020-08-26 11:00:00'),
(1786, '2020-08-26 11:00:00', '2020-08-26 11:30:00'),
(1787, '2020-08-26 11:30:00', '2020-08-26 12:00:00'),
(1788, '2020-08-26 12:00:00', '2020-08-26 12:30:00'),
(1789, '2020-08-26 12:30:00', '2020-08-26 13:00:00'),
(1790, '2020-08-26 13:00:00', '2020-08-26 13:30:00'),
(1791, '2020-08-26 13:30:00', '2020-08-26 14:00:00'),
(1792, '2020-08-26 14:00:00', '2020-08-26 14:30:00'),
(1793, '2020-08-26 14:30:00', '2020-08-26 15:00:00'),
(1794, '2020-08-26 15:00:00', '2020-08-26 15:30:00'),
(1795, '2020-08-26 15:30:00', '2020-08-26 16:00:00'),
(1796, '2020-08-26 16:00:00', '2020-08-26 16:30:00'),
(1797, '2020-08-26 16:30:00', '2020-08-26 17:00:00'),
(1799, '2020-08-27 09:00:00', '2020-08-27 09:30:00'),
(1800, '2020-08-27 09:30:00', '2020-08-27 10:00:00'),
(1801, '2020-08-27 10:00:00', '2020-08-27 10:30:00'),
(1802, '2020-08-27 10:30:00', '2020-08-27 11:00:00'),
(1803, '2020-08-27 11:00:00', '2020-08-27 11:30:00'),
(1804, '2020-08-27 11:30:00', '2020-08-27 12:00:00'),
(1805, '2020-08-27 12:00:00', '2020-08-27 12:30:00'),
(1806, '2020-08-27 12:30:00', '2020-08-27 13:00:00'),
(1807, '2020-08-27 13:00:00', '2020-08-27 13:30:00'),
(1808, '2020-08-27 13:30:00', '2020-08-27 14:00:00'),
(1809, '2020-08-27 14:00:00', '2020-08-27 14:30:00'),
(1810, '2020-08-27 14:30:00', '2020-08-27 15:00:00'),
(1811, '2020-08-27 15:00:00', '2020-08-27 15:30:00'),
(1812, '2020-08-27 15:30:00', '2020-08-27 16:00:00'),
(1813, '2020-08-27 16:00:00', '2020-08-27 16:30:00'),
(1814, '2020-08-27 16:30:00', '2020-08-27 17:00:00'),
(1816, '2020-08-28 09:00:00', '2020-08-28 09:30:00'),
(1817, '2020-08-28 09:30:00', '2020-08-28 10:00:00'),
(1818, '2020-08-28 10:00:00', '2020-08-28 10:30:00'),
(1819, '2020-08-28 10:30:00', '2020-08-28 11:00:00'),
(1820, '2020-08-28 11:00:00', '2020-08-28 11:30:00'),
(1821, '2020-08-28 11:30:00', '2020-08-28 12:00:00'),
(1822, '2020-08-28 12:00:00', '2020-08-28 12:30:00'),
(1823, '2020-08-28 12:30:00', '2020-08-28 13:00:00'),
(1824, '2020-08-28 13:00:00', '2020-08-28 13:30:00'),
(1825, '2020-08-28 13:30:00', '2020-08-28 14:00:00'),
(1826, '2020-08-28 14:00:00', '2020-08-28 14:30:00'),
(1827, '2020-08-28 14:30:00', '2020-08-28 15:00:00'),
(1828, '2020-08-28 15:00:00', '2020-08-28 15:30:00'),
(1829, '2020-08-28 15:30:00', '2020-08-28 16:00:00'),
(1830, '2020-08-28 16:00:00', '2020-08-28 16:30:00'),
(1831, '2020-08-28 16:30:00', '2020-08-28 17:00:00'),
(1833, '2020-08-29 09:00:00', '2020-08-29 09:30:00'),
(1834, '2020-08-29 09:30:00', '2020-08-29 10:00:00'),
(1835, '2020-08-29 10:00:00', '2020-08-29 10:30:00'),
(1836, '2020-08-29 10:30:00', '2020-08-29 11:00:00'),
(1837, '2020-08-29 11:00:00', '2020-08-29 11:30:00'),
(1838, '2020-08-29 11:30:00', '2020-08-29 12:00:00'),
(1839, '2020-08-29 12:00:00', '2020-08-29 12:30:00'),
(1840, '2020-08-29 12:30:00', '2020-08-29 13:00:00'),
(1841, '2020-08-29 13:00:00', '2020-08-29 13:30:00'),
(1842, '2020-08-29 13:30:00', '2020-08-29 14:00:00'),
(1843, '2020-08-29 14:00:00', '2020-08-29 14:30:00'),
(1844, '2020-08-29 14:30:00', '2020-08-29 15:00:00'),
(1845, '2020-08-29 15:00:00', '2020-08-29 15:30:00'),
(1846, '2020-08-29 15:30:00', '2020-08-29 16:00:00'),
(1847, '2020-08-29 16:00:00', '2020-08-29 16:30:00'),
(1848, '2020-08-29 16:30:00', '2020-08-29 17:00:00'),
(1849, '2020-09-01 09:00:00', '2020-09-01 09:30:00'),
(1850, '2020-09-01 09:30:00', '2020-09-01 10:00:00'),
(1851, '2020-09-01 10:00:00', '2020-09-01 10:30:00'),
(1852, '2020-09-01 10:30:00', '2020-09-01 11:00:00'),
(1853, '2020-09-01 11:00:00', '2020-09-01 11:30:00'),
(1854, '2020-09-01 11:30:00', '2020-09-01 12:00:00'),
(1855, '2020-09-01 12:00:00', '2020-09-01 12:30:00'),
(1856, '2020-09-01 12:30:00', '2020-09-01 13:00:00'),
(1857, '2020-09-01 13:00:00', '2020-09-01 13:30:00'),
(1858, '2020-09-01 13:30:00', '2020-09-01 14:00:00'),
(1859, '2020-09-01 14:00:00', '2020-09-01 14:30:00'),
(1860, '2020-09-01 14:30:00', '2020-09-01 15:00:00'),
(1861, '2020-09-01 15:00:00', '2020-09-01 15:30:00'),
(1862, '2020-09-01 15:30:00', '2020-09-01 16:00:00'),
(1863, '2020-09-01 16:00:00', '2020-09-01 16:30:00'),
(1864, '2020-09-01 16:30:00', '2020-09-01 17:00:00'),
(1866, '2020-09-02 09:00:00', '2020-09-02 09:30:00'),
(1867, '2020-09-02 09:30:00', '2020-09-02 10:00:00'),
(1868, '2020-09-02 10:00:00', '2020-09-02 10:30:00'),
(1869, '2020-09-02 10:30:00', '2020-09-02 11:00:00'),
(1870, '2020-09-02 11:00:00', '2020-09-02 11:30:00'),
(1871, '2020-09-02 11:30:00', '2020-09-02 12:00:00'),
(1872, '2020-09-02 12:00:00', '2020-09-02 12:30:00'),
(1873, '2020-09-02 12:30:00', '2020-09-02 13:00:00'),
(1874, '2020-09-02 13:00:00', '2020-09-02 13:30:00'),
(1875, '2020-09-02 13:30:00', '2020-09-02 14:00:00'),
(1876, '2020-09-02 14:00:00', '2020-09-02 14:30:00'),
(1877, '2020-09-02 14:30:00', '2020-09-02 15:00:00'),
(1878, '2020-09-02 15:00:00', '2020-09-02 15:30:00'),
(1879, '2020-09-02 15:30:00', '2020-09-02 16:00:00'),
(1880, '2020-09-02 16:00:00', '2020-09-02 16:30:00'),
(1881, '2020-09-02 16:30:00', '2020-09-02 17:00:00'),
(1883, '2020-09-03 09:00:00', '2020-09-03 09:30:00'),
(1884, '2020-09-03 09:30:00', '2020-09-03 10:00:00'),
(1885, '2020-09-03 10:00:00', '2020-09-03 10:30:00'),
(1886, '2020-09-03 10:30:00', '2020-09-03 11:00:00'),
(1887, '2020-09-03 11:00:00', '2020-09-03 11:30:00'),
(1888, '2020-09-03 11:30:00', '2020-09-03 12:00:00'),
(1889, '2020-09-03 12:00:00', '2020-09-03 12:30:00'),
(1890, '2020-09-03 12:30:00', '2020-09-03 13:00:00'),
(1891, '2020-09-03 13:00:00', '2020-09-03 13:30:00'),
(1892, '2020-09-03 13:30:00', '2020-09-03 14:00:00'),
(1893, '2020-09-03 14:00:00', '2020-09-03 14:30:00'),
(1894, '2020-09-03 14:30:00', '2020-09-03 15:00:00'),
(1895, '2020-09-03 15:00:00', '2020-09-03 15:30:00'),
(1896, '2020-09-03 15:30:00', '2020-09-03 16:00:00'),
(1897, '2020-09-03 16:00:00', '2020-09-03 16:30:00'),
(1898, '2020-09-03 16:30:00', '2020-09-03 17:00:00'),
(1900, '2020-09-04 09:00:00', '2020-09-04 09:30:00'),
(1901, '2020-09-04 09:30:00', '2020-09-04 10:00:00'),
(1902, '2020-09-04 10:00:00', '2020-09-04 10:30:00'),
(1903, '2020-09-04 10:30:00', '2020-09-04 11:00:00'),
(1904, '2020-09-04 11:00:00', '2020-09-04 11:30:00'),
(1905, '2020-09-04 11:30:00', '2020-09-04 12:00:00'),
(1906, '2020-09-04 12:00:00', '2020-09-04 12:30:00'),
(1907, '2020-09-04 12:30:00', '2020-09-04 13:00:00'),
(1908, '2020-09-04 13:00:00', '2020-09-04 13:30:00'),
(1909, '2020-09-04 13:30:00', '2020-09-04 14:00:00'),
(1910, '2020-09-04 14:00:00', '2020-09-04 14:30:00'),
(1911, '2020-09-04 14:30:00', '2020-09-04 15:00:00'),
(1912, '2020-09-04 15:00:00', '2020-09-04 15:30:00'),
(1913, '2020-09-04 15:30:00', '2020-09-04 16:00:00'),
(1914, '2020-09-04 16:00:00', '2020-09-04 16:30:00'),
(1915, '2020-09-04 16:30:00', '2020-09-04 17:00:00'),
(1917, '2020-09-05 09:00:00', '2020-09-05 09:30:00'),
(1918, '2020-09-05 09:30:00', '2020-09-05 10:00:00'),
(1919, '2020-09-05 10:00:00', '2020-09-05 10:30:00'),
(1920, '2020-09-05 10:30:00', '2020-09-05 11:00:00'),
(1921, '2020-09-05 11:00:00', '2020-09-05 11:30:00'),
(1922, '2020-09-05 11:30:00', '2020-09-05 12:00:00'),
(1923, '2020-09-05 12:00:00', '2020-09-05 12:30:00'),
(1924, '2020-09-05 12:30:00', '2020-09-05 13:00:00'),
(1925, '2020-09-05 13:00:00', '2020-09-05 13:30:00'),
(1926, '2020-09-05 13:30:00', '2020-09-05 14:00:00'),
(1927, '2020-09-05 14:00:00', '2020-09-05 14:30:00'),
(1928, '2020-09-05 14:30:00', '2020-09-05 15:00:00'),
(1929, '2020-09-05 15:00:00', '2020-09-05 15:30:00'),
(1930, '2020-09-05 15:30:00', '2020-09-05 16:00:00'),
(1931, '2020-09-05 16:00:00', '2020-09-05 16:30:00'),
(1932, '2020-09-05 16:30:00', '2020-09-05 17:00:00'),
(1934, '2020-09-08 09:00:00', '2020-09-08 09:30:00'),
(1935, '2020-09-08 09:30:00', '2020-09-08 10:00:00'),
(1936, '2020-09-08 10:00:00', '2020-09-08 10:30:00'),
(1937, '2020-09-08 10:30:00', '2020-09-08 11:00:00'),
(1938, '2020-09-08 11:00:00', '2020-09-08 11:30:00'),
(1939, '2020-09-08 11:30:00', '2020-09-08 12:00:00'),
(1940, '2020-09-08 12:00:00', '2020-09-08 12:30:00'),
(1941, '2020-09-08 12:30:00', '2020-09-08 13:00:00'),
(1942, '2020-09-08 13:00:00', '2020-09-08 13:30:00'),
(1943, '2020-09-08 13:30:00', '2020-09-08 14:00:00'),
(1944, '2020-09-08 14:00:00', '2020-09-08 14:30:00'),
(1945, '2020-09-08 14:30:00', '2020-09-08 15:00:00'),
(1946, '2020-09-08 15:00:00', '2020-09-08 15:30:00'),
(1947, '2020-09-08 15:30:00', '2020-09-08 16:00:00'),
(1948, '2020-09-08 16:00:00', '2020-09-08 16:30:00'),
(1949, '2020-09-08 16:30:00', '2020-09-08 17:00:00'),
(1951, '2020-09-09 09:00:00', '2020-09-09 09:30:00'),
(1952, '2020-09-09 09:30:00', '2020-09-09 10:00:00'),
(1953, '2020-09-09 10:00:00', '2020-09-09 10:30:00'),
(1954, '2020-09-09 10:30:00', '2020-09-09 11:00:00'),
(1955, '2020-09-09 11:00:00', '2020-09-09 11:30:00'),
(1956, '2020-09-09 11:30:00', '2020-09-09 12:00:00'),
(1957, '2020-09-09 12:00:00', '2020-09-09 12:30:00'),
(1958, '2020-09-09 12:30:00', '2020-09-09 13:00:00'),
(1959, '2020-09-09 13:00:00', '2020-09-09 13:30:00'),
(1960, '2020-09-09 13:30:00', '2020-09-09 14:00:00'),
(1961, '2020-09-09 14:00:00', '2020-09-09 14:30:00'),
(1962, '2020-09-09 14:30:00', '2020-09-09 15:00:00'),
(1963, '2020-09-09 15:00:00', '2020-09-09 15:30:00'),
(1964, '2020-09-09 15:30:00', '2020-09-09 16:00:00'),
(1965, '2020-09-09 16:00:00', '2020-09-09 16:30:00'),
(1966, '2020-09-09 16:30:00', '2020-09-09 17:00:00'),
(1968, '2020-09-10 09:00:00', '2020-09-10 09:30:00'),
(1969, '2020-09-10 09:30:00', '2020-09-10 10:00:00'),
(1970, '2020-09-10 10:00:00', '2020-09-10 10:30:00'),
(1971, '2020-09-10 10:30:00', '2020-09-10 11:00:00'),
(1972, '2020-09-10 11:00:00', '2020-09-10 11:30:00'),
(1973, '2020-09-10 11:30:00', '2020-09-10 12:00:00'),
(1974, '2020-09-10 12:00:00', '2020-09-10 12:30:00'),
(1975, '2020-09-10 12:30:00', '2020-09-10 13:00:00'),
(1976, '2020-09-10 13:00:00', '2020-09-10 13:30:00'),
(1977, '2020-09-10 13:30:00', '2020-09-10 14:00:00'),
(1978, '2020-09-10 14:00:00', '2020-09-10 14:30:00'),
(1979, '2020-09-10 14:30:00', '2020-09-10 15:00:00'),
(1980, '2020-09-10 15:00:00', '2020-09-10 15:30:00'),
(1981, '2020-09-10 15:30:00', '2020-09-10 16:00:00'),
(1982, '2020-09-10 16:00:00', '2020-09-10 16:30:00'),
(1983, '2020-09-10 16:30:00', '2020-09-10 17:00:00'),
(1985, '2020-09-11 09:00:00', '2020-09-11 09:30:00'),
(1986, '2020-09-11 09:30:00', '2020-09-11 10:00:00'),
(1987, '2020-09-11 10:00:00', '2020-09-11 10:30:00'),
(1988, '2020-09-11 10:30:00', '2020-09-11 11:00:00'),
(1989, '2020-09-11 11:00:00', '2020-09-11 11:30:00'),
(1990, '2020-09-11 11:30:00', '2020-09-11 12:00:00'),
(1991, '2020-09-11 12:00:00', '2020-09-11 12:30:00'),
(1992, '2020-09-11 12:30:00', '2020-09-11 13:00:00'),
(1993, '2020-09-11 13:00:00', '2020-09-11 13:30:00'),
(1994, '2020-09-11 13:30:00', '2020-09-11 14:00:00'),
(1995, '2020-09-11 14:00:00', '2020-09-11 14:30:00'),
(1996, '2020-09-11 14:30:00', '2020-09-11 15:00:00'),
(1997, '2020-09-11 15:00:00', '2020-09-11 15:30:00'),
(1998, '2020-09-11 15:30:00', '2020-09-11 16:00:00'),
(1999, '2020-09-11 16:00:00', '2020-09-11 16:30:00'),
(2000, '2020-09-11 16:30:00', '2020-09-11 17:00:00'),
(2002, '2020-09-12 09:00:00', '2020-09-12 09:30:00'),
(2003, '2020-09-12 09:30:00', '2020-09-12 10:00:00'),
(2004, '2020-09-12 10:00:00', '2020-09-12 10:30:00'),
(2005, '2020-09-12 10:30:00', '2020-09-12 11:00:00'),
(2006, '2020-09-12 11:00:00', '2020-09-12 11:30:00'),
(2007, '2020-09-12 11:30:00', '2020-09-12 12:00:00'),
(2008, '2020-09-12 12:00:00', '2020-09-12 12:30:00'),
(2009, '2020-09-12 12:30:00', '2020-09-12 13:00:00'),
(2010, '2020-09-12 13:00:00', '2020-09-12 13:30:00'),
(2011, '2020-09-12 13:30:00', '2020-09-12 14:00:00'),
(2012, '2020-09-12 14:00:00', '2020-09-12 14:30:00'),
(2013, '2020-09-12 14:30:00', '2020-09-12 15:00:00'),
(2014, '2020-09-12 15:00:00', '2020-09-12 15:30:00'),
(2015, '2020-09-12 15:30:00', '2020-09-12 16:00:00'),
(2016, '2020-09-12 16:00:00', '2020-09-12 16:30:00'),
(2017, '2020-09-12 16:30:00', '2020-09-12 17:00:00'),
(2019, '2020-09-15 09:00:00', '2020-09-15 09:30:00'),
(2020, '2020-09-15 09:30:00', '2020-09-15 10:00:00'),
(2021, '2020-09-15 10:00:00', '2020-09-15 10:30:00'),
(2022, '2020-09-15 10:30:00', '2020-09-15 11:00:00'),
(2023, '2020-09-15 11:00:00', '2020-09-15 11:30:00'),
(2024, '2020-09-15 11:30:00', '2020-09-15 12:00:00'),
(2025, '2020-09-15 12:00:00', '2020-09-15 12:30:00'),
(2026, '2020-09-15 12:30:00', '2020-09-15 13:00:00'),
(2027, '2020-09-15 13:00:00', '2020-09-15 13:30:00'),
(2028, '2020-09-15 13:30:00', '2020-09-15 14:00:00'),
(2029, '2020-09-15 14:00:00', '2020-09-15 14:30:00'),
(2030, '2020-09-15 14:30:00', '2020-09-15 15:00:00'),
(2031, '2020-09-15 15:00:00', '2020-09-15 15:30:00'),
(2032, '2020-09-15 15:30:00', '2020-09-15 16:00:00'),
(2033, '2020-09-15 16:00:00', '2020-09-15 16:30:00'),
(2034, '2020-09-15 16:30:00', '2020-09-15 17:00:00'),
(2036, '2020-09-16 09:00:00', '2020-09-16 09:30:00'),
(2037, '2020-09-16 09:30:00', '2020-09-16 10:00:00'),
(2038, '2020-09-16 10:00:00', '2020-09-16 10:30:00'),
(2039, '2020-09-16 10:30:00', '2020-09-16 11:00:00'),
(2040, '2020-09-16 11:00:00', '2020-09-16 11:30:00'),
(2041, '2020-09-16 11:30:00', '2020-09-16 12:00:00'),
(2042, '2020-09-16 12:00:00', '2020-09-16 12:30:00'),
(2043, '2020-09-16 12:30:00', '2020-09-16 13:00:00'),
(2044, '2020-09-16 13:00:00', '2020-09-16 13:30:00'),
(2045, '2020-09-16 13:30:00', '2020-09-16 14:00:00'),
(2046, '2020-09-16 14:00:00', '2020-09-16 14:30:00'),
(2047, '2020-09-16 14:30:00', '2020-09-16 15:00:00'),
(2048, '2020-09-16 15:00:00', '2020-09-16 15:30:00'),
(2049, '2020-09-16 15:30:00', '2020-09-16 16:00:00'),
(2050, '2020-09-16 16:00:00', '2020-09-16 16:30:00'),
(2051, '2020-09-16 16:30:00', '2020-09-16 17:00:00'),
(2053, '2020-09-17 09:00:00', '2020-09-17 09:30:00'),
(2054, '2020-09-17 09:30:00', '2020-09-17 10:00:00'),
(2055, '2020-09-17 10:00:00', '2020-09-17 10:30:00'),
(2056, '2020-09-17 10:30:00', '2020-09-17 11:00:00');
INSERT INTO `tblslots` (`slotID`, `start_event`, `end_event`) VALUES
(2057, '2020-09-17 11:00:00', '2020-09-17 11:30:00'),
(2058, '2020-09-17 11:30:00', '2020-09-17 12:00:00'),
(2059, '2020-09-17 12:00:00', '2020-09-17 12:30:00'),
(2060, '2020-09-17 12:30:00', '2020-09-17 13:00:00'),
(2061, '2020-09-17 13:00:00', '2020-09-17 13:30:00'),
(2062, '2020-09-17 13:30:00', '2020-09-17 14:00:00'),
(2063, '2020-09-17 14:00:00', '2020-09-17 14:30:00'),
(2064, '2020-09-17 14:30:00', '2020-09-17 15:00:00'),
(2065, '2020-09-17 15:00:00', '2020-09-17 15:30:00'),
(2066, '2020-09-17 15:30:00', '2020-09-17 16:00:00'),
(2067, '2020-09-17 16:00:00', '2020-09-17 16:30:00'),
(2068, '2020-09-17 16:30:00', '2020-09-17 17:00:00'),
(2070, '2020-09-18 09:00:00', '2020-09-18 09:30:00'),
(2071, '2020-09-18 09:30:00', '2020-09-18 10:00:00'),
(2072, '2020-09-18 10:00:00', '2020-09-18 10:30:00'),
(2073, '2020-09-18 10:30:00', '2020-09-18 11:00:00'),
(2074, '2020-09-18 11:00:00', '2020-09-18 11:30:00'),
(2075, '2020-09-18 11:30:00', '2020-09-18 12:00:00'),
(2076, '2020-09-18 12:00:00', '2020-09-18 12:30:00'),
(2077, '2020-09-18 12:30:00', '2020-09-18 13:00:00'),
(2078, '2020-09-18 13:00:00', '2020-09-18 13:30:00'),
(2079, '2020-09-18 13:30:00', '2020-09-18 14:00:00'),
(2080, '2020-09-18 14:00:00', '2020-09-18 14:30:00'),
(2081, '2020-09-18 14:30:00', '2020-09-18 15:00:00'),
(2082, '2020-09-18 15:00:00', '2020-09-18 15:30:00'),
(2083, '2020-09-18 15:30:00', '2020-09-18 16:00:00'),
(2084, '2020-09-18 16:00:00', '2020-09-18 16:30:00'),
(2085, '2020-09-18 16:30:00', '2020-09-18 17:00:00'),
(2087, '2020-09-19 09:00:00', '2020-09-19 09:30:00'),
(2088, '2020-09-19 09:30:00', '2020-09-19 10:00:00'),
(2089, '2020-09-19 10:00:00', '2020-09-19 10:30:00'),
(2090, '2020-09-19 10:30:00', '2020-09-19 11:00:00'),
(2091, '2020-09-19 11:00:00', '2020-09-19 11:30:00'),
(2092, '2020-09-19 11:30:00', '2020-09-19 12:00:00'),
(2093, '2020-09-19 12:00:00', '2020-09-19 12:30:00'),
(2094, '2020-09-19 12:30:00', '2020-09-19 13:00:00'),
(2095, '2020-09-19 13:00:00', '2020-09-19 13:30:00'),
(2096, '2020-09-19 13:30:00', '2020-09-19 14:00:00'),
(2097, '2020-09-19 14:00:00', '2020-09-19 14:30:00'),
(2098, '2020-09-19 14:30:00', '2020-09-19 15:00:00'),
(2099, '2020-09-19 15:00:00', '2020-09-19 15:30:00'),
(2100, '2020-09-19 15:30:00', '2020-09-19 16:00:00'),
(2101, '2020-09-19 16:00:00', '2020-09-19 16:30:00'),
(2102, '2020-09-19 16:30:00', '2020-09-19 17:00:00'),
(2104, '2020-09-22 09:00:00', '2020-09-22 09:30:00'),
(2105, '2020-09-22 09:30:00', '2020-09-22 10:00:00'),
(2106, '2020-09-22 10:00:00', '2020-09-22 10:30:00'),
(2107, '2020-09-22 10:30:00', '2020-09-22 11:00:00'),
(2108, '2020-09-22 11:00:00', '2020-09-22 11:30:00'),
(2109, '2020-09-22 11:30:00', '2020-09-22 12:00:00'),
(2110, '2020-09-22 12:00:00', '2020-09-22 12:30:00'),
(2111, '2020-09-22 12:30:00', '2020-09-22 13:00:00'),
(2112, '2020-09-22 13:00:00', '2020-09-22 13:30:00'),
(2113, '2020-09-22 13:30:00', '2020-09-22 14:00:00'),
(2114, '2020-09-22 14:00:00', '2020-09-22 14:30:00'),
(2115, '2020-09-22 14:30:00', '2020-09-22 15:00:00'),
(2116, '2020-09-22 15:00:00', '2020-09-22 15:30:00'),
(2117, '2020-09-22 15:30:00', '2020-09-22 16:00:00'),
(2118, '2020-09-22 16:00:00', '2020-09-22 16:30:00'),
(2119, '2020-09-22 16:30:00', '2020-09-22 17:00:00'),
(2121, '2020-09-23 09:00:00', '2020-09-23 09:30:00'),
(2122, '2020-09-23 09:30:00', '2020-09-23 10:00:00'),
(2123, '2020-09-23 10:00:00', '2020-09-23 10:30:00'),
(2124, '2020-09-23 10:30:00', '2020-09-23 11:00:00'),
(2125, '2020-09-23 11:00:00', '2020-09-23 11:30:00'),
(2126, '2020-09-23 11:30:00', '2020-09-23 12:00:00'),
(2127, '2020-09-23 12:00:00', '2020-09-23 12:30:00'),
(2128, '2020-09-23 12:30:00', '2020-09-23 13:00:00'),
(2129, '2020-09-23 13:00:00', '2020-09-23 13:30:00'),
(2130, '2020-09-23 13:30:00', '2020-09-23 14:00:00'),
(2131, '2020-09-23 14:00:00', '2020-09-23 14:30:00'),
(2132, '2020-09-23 14:30:00', '2020-09-23 15:00:00'),
(2133, '2020-09-23 15:00:00', '2020-09-23 15:30:00'),
(2134, '2020-09-23 15:30:00', '2020-09-23 16:00:00'),
(2135, '2020-09-23 16:00:00', '2020-09-23 16:30:00'),
(2136, '2020-09-23 16:30:00', '2020-09-23 17:00:00'),
(2138, '2020-09-24 09:00:00', '2020-09-24 09:30:00'),
(2139, '2020-09-24 09:30:00', '2020-09-24 10:00:00'),
(2140, '2020-09-24 10:00:00', '2020-09-24 10:30:00'),
(2141, '2020-09-24 10:30:00', '2020-09-24 11:00:00'),
(2142, '2020-09-24 11:00:00', '2020-09-24 11:30:00'),
(2143, '2020-09-24 11:30:00', '2020-09-24 12:00:00'),
(2144, '2020-09-24 12:00:00', '2020-09-24 12:30:00'),
(2145, '2020-09-24 12:30:00', '2020-09-24 13:00:00'),
(2146, '2020-09-24 13:00:00', '2020-09-24 13:30:00'),
(2147, '2020-09-24 13:30:00', '2020-09-24 14:00:00'),
(2148, '2020-09-24 14:00:00', '2020-09-24 14:30:00'),
(2149, '2020-09-24 14:30:00', '2020-09-24 15:00:00'),
(2150, '2020-09-24 15:00:00', '2020-09-24 15:30:00'),
(2151, '2020-09-24 15:30:00', '2020-09-24 16:00:00'),
(2152, '2020-09-24 16:00:00', '2020-09-24 16:30:00'),
(2153, '2020-09-24 16:30:00', '2020-09-24 17:00:00'),
(2155, '2020-09-25 09:00:00', '2020-09-25 09:30:00'),
(2156, '2020-09-25 09:30:00', '2020-09-25 10:00:00'),
(2157, '2020-09-25 10:00:00', '2020-09-25 10:30:00'),
(2158, '2020-09-25 10:30:00', '2020-09-25 11:00:00'),
(2159, '2020-09-25 11:00:00', '2020-09-25 11:30:00'),
(2160, '2020-09-25 11:30:00', '2020-09-25 12:00:00'),
(2161, '2020-09-25 12:00:00', '2020-09-25 12:30:00'),
(2162, '2020-09-25 12:30:00', '2020-09-25 13:00:00'),
(2163, '2020-09-25 13:00:00', '2020-09-25 13:30:00'),
(2164, '2020-09-25 13:30:00', '2020-09-25 14:00:00'),
(2165, '2020-09-25 14:00:00', '2020-09-25 14:30:00'),
(2166, '2020-09-25 14:30:00', '2020-09-25 15:00:00'),
(2167, '2020-09-25 15:00:00', '2020-09-25 15:30:00'),
(2168, '2020-09-25 15:30:00', '2020-09-25 16:00:00'),
(2169, '2020-09-25 16:00:00', '2020-09-25 16:30:00'),
(2170, '2020-09-25 16:30:00', '2020-09-25 17:00:00'),
(2172, '2020-09-26 09:00:00', '2020-09-26 09:30:00'),
(2173, '2020-09-26 09:30:00', '2020-09-26 10:00:00'),
(2174, '2020-09-26 10:00:00', '2020-09-26 10:30:00'),
(2175, '2020-09-26 10:30:00', '2020-09-26 11:00:00'),
(2176, '2020-09-26 11:00:00', '2020-09-26 11:30:00'),
(2177, '2020-09-26 11:30:00', '2020-09-26 12:00:00'),
(2178, '2020-09-26 12:00:00', '2020-09-26 12:30:00'),
(2179, '2020-09-26 12:30:00', '2020-09-26 13:00:00'),
(2180, '2020-09-26 13:00:00', '2020-09-26 13:30:00'),
(2181, '2020-09-26 13:30:00', '2020-09-26 14:00:00'),
(2182, '2020-09-26 14:00:00', '2020-09-26 14:30:00'),
(2183, '2020-09-26 14:30:00', '2020-09-26 15:00:00'),
(2184, '2020-09-26 15:00:00', '2020-09-26 15:30:00'),
(2185, '2020-09-26 15:30:00', '2020-09-26 16:00:00'),
(2186, '2020-09-26 16:00:00', '2020-09-26 16:30:00'),
(2187, '2020-09-26 16:30:00', '2020-09-26 17:00:00'),
(2189, '2020-09-29 09:00:00', '2020-09-29 09:30:00'),
(2190, '2020-09-29 09:30:00', '2020-09-29 10:00:00'),
(2191, '2020-09-29 10:00:00', '2020-09-29 10:30:00'),
(2192, '2020-09-29 10:30:00', '2020-09-29 11:00:00'),
(2193, '2020-09-29 11:00:00', '2020-09-29 11:30:00'),
(2194, '2020-09-29 11:30:00', '2020-09-29 12:00:00'),
(2195, '2020-09-29 12:00:00', '2020-09-29 12:30:00'),
(2196, '2020-09-29 12:30:00', '2020-09-29 13:00:00'),
(2197, '2020-09-29 13:00:00', '2020-09-29 13:30:00'),
(2198, '2020-09-29 13:30:00', '2020-09-29 14:00:00'),
(2199, '2020-09-29 14:00:00', '2020-09-29 14:30:00'),
(2200, '2020-09-29 14:30:00', '2020-09-29 15:00:00'),
(2201, '2020-09-29 15:00:00', '2020-09-29 15:30:00'),
(2202, '2020-09-29 15:30:00', '2020-09-29 16:00:00'),
(2203, '2020-09-29 16:00:00', '2020-09-29 16:30:00'),
(2204, '2020-09-29 16:30:00', '2020-09-29 17:00:00'),
(2206, '2020-09-30 09:00:00', '2020-09-30 09:30:00'),
(2207, '2020-09-30 09:30:00', '2020-09-30 10:00:00'),
(2208, '2020-09-30 10:00:00', '2020-09-30 10:30:00'),
(2209, '2020-09-30 10:30:00', '2020-09-30 11:00:00'),
(2210, '2020-09-30 11:00:00', '2020-09-30 11:30:00'),
(2211, '2020-09-30 11:30:00', '2020-09-30 12:00:00'),
(2212, '2020-09-30 12:00:00', '2020-09-30 12:30:00'),
(2213, '2020-09-30 12:30:00', '2020-09-30 13:00:00'),
(2214, '2020-09-30 13:00:00', '2020-09-30 13:30:00'),
(2215, '2020-09-30 13:30:00', '2020-09-30 14:00:00'),
(2216, '2020-09-30 14:00:00', '2020-09-30 14:30:00'),
(2217, '2020-09-30 14:30:00', '2020-09-30 15:00:00'),
(2218, '2020-09-30 15:00:00', '2020-09-30 15:30:00'),
(2219, '2020-09-30 15:30:00', '2020-09-30 16:00:00'),
(2220, '2020-09-30 16:00:00', '2020-09-30 16:30:00'),
(2221, '2020-09-30 16:30:00', '2020-09-30 17:00:00');

-- --------------------------------------------------------

--
-- Table structure for table `tblusers`
--

CREATE TABLE `tblusers` (
  `UserID` int(11) NOT NULL,
  `Firstname` varchar(50) NOT NULL,
  `Surname` varchar(50) NOT NULL,
  `Username` varchar(50) NOT NULL,
  `Password` char(255) NOT NULL,
  `phonenumber` varchar(11) DEFAULT NULL,
  `address1` varchar(50) DEFAULT '''NULL''',
  `address2` varchar(50) DEFAULT '''NULL''',
  `postcode` varchar(8) DEFAULT '''NULL''',
  `DateRegistered` datetime NOT NULL DEFAULT current_timestamp(),
  `UserType` int(1) NOT NULL,
  `hairAnalysis` tinyint(1) NOT NULL
) ENGINE=InnoDB DEFAULT CHARSET=utf8;

--
-- Dumping data for table `tblusers`
--

INSERT INTO `tblusers` (`UserID`, `Firstname`, `Surname`, `Username`, `Password`, `phonenumber`, `address1`, `address2`, `postcode`, `DateRegistered`, `UserType`, `hairAnalysis`) VALUES
(1, 'Denise', 'Gardner', 'denise.mckay123@gmail.com', '935db81c9bde2f5b9cc730950d91456a028f726a2f4cb14ba1bd49d75abc878a5bac98f715d3c1a9f1d99dc4ceb58a38d2a9f441c7016fed323c4aba312c78a0', '02825469786', '101 Old Street', 'Ballymoney', 'BT42 1PW', '2019-07-06 23:56:54', 3, 1),
(2, 'Mark', 'Gardner', 'gardner_mark3@sky.com', '935db81c9bde2f5b9cc730950d91456a028f726a2f4cb14ba1bd49d75abc878a5bac98f715d3c1a9f1d99dc4ceb58a38d2a9f441c7016fed323c4aba312c78a0', '02825469785', '254 Ballymena Road', 'Cullybackey', 'BT43 5TP', '2020-01-01 20:41:28', 1, 0),
(3, 'Alan', 'Gardner', 'alan@sky.com', '1cbad592ca4839557a43c99e0c249c2d80af0814d4aa7f3cd018e099b42ce0654436593176ee8fb45318540d61cebd33a51f2f2fe85d017d15c3abe1ea05b70d', '07894312569', '51 Glenhugh Road', 'Ahoghill', 'BT42 6NA', '2020-01-03 14:55:52', 1, 0),
(4, 'Gerry', 'Lynch', 'gerry@sky.co.uk', 'd2d8b6607e368505232666d0d2ab0898482977bbb26d533b956066d1f850798e8e6fb9461d4dcca3af8e0f7904e0456783be6042306df1c6ed130a7360da0643', '07123789456', '86 Rodgers Bay', 'Carrickfergus', 'BT38 8GG', '2020-01-03 20:33:55', 1, 0),
(5, 'Jim', 'Gardner', 'client@1.com', '935db81c9bde2f5b9cc730950d91456a028f726a2f4cb14ba1bd49d75abc878a5bac98f715d3c1a9f1d99dc4ceb58a38d2a9f441c7016fed323c4aba312c78a0', '07989123456', '14 Craignageeragh Rd', 'Cullybackey', 'BT42 1EL', '2020-01-03 20:34:54', 1, 0),
(6, 'Andy', 'Gardner', 'gardner_mark@sky.com', '9a37915c1f3c5dd909d4adf7ee3a9b48125ce1ddd3f0e9019fe1ecc460ff4e5fdf8548b1da1ababb7f94792788a06d37e2d00f6d57da5166eb2541507f9c8c5d', '07568053864', '14 Craignageeragh Rd', 'Cullybackey', 'BT42 1EL', '2020-02-13 22:05:34', 1, 0),
(7, 'Sam', 'Gardner', 'gardner_mark2@sky.com', '9a37915c1f3c5dd909d4adf7ee3a9b48125ce1ddd3f0e9019fe1ecc460ff4e5fdf8548b1da1ababb7f94792788a06d37e2d00f6d57da5166eb2541507f9c8c5d', '07568053864', '14 Craignageeragh Rd', 'Cullybackey', 'BT42 1EL', '2020-02-13 22:06:33', 1, 0),
(8, 'Harry', 'Gardner', 'alan1@sky.com', '99dd1e8da89726b0a972f354252a58ffcdbe452a2869dbfa3b667d95dd94f0a19ed4fff7c1847afdb6c9470d322b76e6532bd3ea5e53ceeb84cb4d1a38c0d1b9', '07589568974', '6 Rodgers Bay', 'Carrickfergus', 'BT38 8GG', '2020-02-16 13:25:48', 1, 0),
(9, 'Karen', 'Gardner', 'client@sky.com', '935db81c9bde2f5b9cc730950d91456a028f726a2f4cb14ba1bd49d75abc878a5bac98f715d3c1a9f1d99dc4ceb58a38d2a9f441c7016fed323c4aba312c78a0', '02825490521', '267 Ballymoney rd', 'Ballymena', 'BT42 1EL', '2020-02-18 06:56:28', 1, 1),
(10, 'Liz', 'Stylist', 'stylist@1.com', '935db81c9bde2f5b9cc730950d91456a028f726a2f4cb14ba1bd49d75abc878a5bac98f715d3c1a9f1d99dc4ceb58a38d2a9f441c7016fed323c4aba312c78a0', '02812345678', '1 The Place', 'Cullybackey', 'BT42 1EL', '2020-02-18 07:05:49', 2, 1),
(11, 'Denise', 'Admin', 'admin@1.com', '935db81c9bde2f5b9cc730950d91456a028f726a2f4cb14ba1bd49d75abc878a5bac98f715d3c1a9f1d99dc4ceb58a38d2a9f441c7016fed323c4aba312c78a0', '02890123456', '14 Craignageeragh Rd', 'Cullybackey', 'BT42 1EL', '2020-02-18 07:21:09', 3, 1),
(12, 'Mark', 'Gardner', '4@1.com', '935db81c9bde2f5b9cc730950d91456a028f726a2f4cb14ba1bd49d75abc878a5bac98f715d3c1a9f1d99dc4ceb58a38d2a9f441c7016fed323c4aba312c78a0', '07568053864', '14 Craignageeragh Rd', 'Cullybackey', 'BT42 1EL', '2020-02-18 07:24:03', 1, 0),
(13, 'Gerry', 'Lynch', 'glynch@cisco.com', '935db81c9bde2f5b9cc730950d91456a028f726a2f4cb14ba1bd49d75abc878a5bac98f715d3c1a9f1d99dc4ceb58a38d2a9f441c7016fed323c4aba312c78a0', '07123456789', '12 Ballymoney Heights', 'Ballymena', 'BT43 5GH', '2020-02-19 09:56:42', 1, 0),
(35, 'Mark', 'Gardner', 'gardner_mark3qqq@sky.com', '5c1793eba74d754d3fc489dab460eed539856ef2a0cb83d66cdd97599d4e0ded0f698dac268144c608ffc0632d8ee6bb549fe7eb865e264444655bb0605b0ecd', '07568053864', '14 Craignageeragh Rd', 'Cullybackey', 'BT42 1EL', '2020-04-11 15:01:48', 1, 0),
(36, 'Richard', 'Hughes', 'newstylist@1.com', '935db81c9bde2f5b9cc730950d91456a028f726a2f4cb14ba1bd49d75abc878a5bac98f715d3c1a9f1d99dc4ceb58a38d2a9f441c7016fed323c4aba312c78a0', '01234567891', '12 The Croft', 'Portglenone', 'BT32 1TH', '2020-04-26 23:59:05', 1, 0),
(37, 'Tim', 'Gray', 'tim@sky.com', '935db81c9bde2f5b9cc730950d91456a028f726a2f4cb14ba1bd49d75abc878a5bac98f715d3c1a9f1d99dc4ceb58a38d2a9f441c7016fed323c4aba312c78a0', '07594268524', '12 Ard-na-mane', 'Cullybackey', 'BT43 8UF', '2020-05-01 16:37:37', 1, 0),
(38, 'Jenny', 'Patton', 'jenny@1.com', '935db81c9bde2f5b9cc730950d91456a028f726a2f4cb14ba1bd49d75abc878a5bac98f715d3c1a9f1d99dc4ceb58a38d2a9f441c7016fed323c4aba312c78a0', '01234567895', '10 The Street', 'The town', 'BT48 1BH', '2020-05-02 10:45:11', 1, 1),
(39, 'Angela', 'Harkin', '1@1.com', '935db81c9bde2f5b9cc730950d91456a028f726a2f4cb14ba1bd49d75abc878a5bac98f715d3c1a9f1d99dc4ceb58a38d2a9f441c7016fed323c4aba312c78a0', '01478523691', '2 Carniny Close', 'Ballymena', 'BT43 5HQ', '2020-05-02 21:04:13', 1, 0);

--
-- Indexes for dumped tables
--

--
-- Indexes for table `tblappointments`
--
ALTER TABLE `tblappointments`
  ADD PRIMARY KEY (`apptID`),
  ADD KEY `stylistID` (`stylistID`),
  ADD KEY `customerID` (`customerID`),
  ADD KEY `slotID` (`slotID`),
  ADD KEY `serviceID` (`serviceID`);

--
-- Indexes for table `tblhairanalysis`
--
ALTER TABLE `tblhairanalysis`
  ADD PRIMARY KEY (`analysisNo`),
  ADD KEY `fk_customerID` (`customerID`);

--
-- Indexes for table `tblservices`
--
ALTER TABLE `tblservices`
  ADD PRIMARY KEY (`serviceID`);

--
-- Indexes for table `tblslots`
--
ALTER TABLE `tblslots`
  ADD PRIMARY KEY (`slotID`);

--
-- Indexes for table `tblusers`
--
ALTER TABLE `tblusers`
  ADD PRIMARY KEY (`UserID`);

--
-- AUTO_INCREMENT for dumped tables
--

--
-- AUTO_INCREMENT for table `tblappointments`
--
ALTER TABLE `tblappointments`
  MODIFY `apptID` int(11) NOT NULL AUTO_INCREMENT, AUTO_INCREMENT=129;

--
-- AUTO_INCREMENT for table `tblhairanalysis`
--
ALTER TABLE `tblhairanalysis`
  MODIFY `analysisNo` int(10) NOT NULL AUTO_INCREMENT, AUTO_INCREMENT=42;

--
-- AUTO_INCREMENT for table `tblservices`
--
ALTER TABLE `tblservices`
  MODIFY `serviceID` int(10) NOT NULL AUTO_INCREMENT, AUTO_INCREMENT=39;

--
-- AUTO_INCREMENT for table `tblslots`
--
ALTER TABLE `tblslots`
  MODIFY `slotID` int(255) UNSIGNED NOT NULL AUTO_INCREMENT, AUTO_INCREMENT=2222;

--
-- AUTO_INCREMENT for table `tblusers`
--
ALTER TABLE `tblusers`
  MODIFY `UserID` int(11) NOT NULL AUTO_INCREMENT, AUTO_INCREMENT=40;

--
-- Constraints for dumped tables
--

--
-- Constraints for table `tblappointments`
--
ALTER TABLE `tblappointments`
  ADD CONSTRAINT `customerID` FOREIGN KEY (`customerID`) REFERENCES `tblusers` (`UserID`),
  ADD CONSTRAINT `serviceID` FOREIGN KEY (`serviceID`) REFERENCES `tblservices` (`serviceID`),
  ADD CONSTRAINT `slotID` FOREIGN KEY (`slotID`) REFERENCES `tblslots` (`slotID`),
  ADD CONSTRAINT `stylistID` FOREIGN KEY (`stylistID`) REFERENCES `tblusers` (`UserID`);

--
-- Constraints for table `tblhairanalysis`
--
ALTER TABLE `tblhairanalysis`
  ADD CONSTRAINT `fk_customerID` FOREIGN KEY (`customerID`) REFERENCES `tblusers` (`UserID`);
COMMIT;

/*!40101 SET CHARACTER_SET_CLIENT=@OLD_CHARACTER_SET_CLIENT */;
/*!40101 SET CHARACTER_SET_RESULTS=@OLD_CHARACTER_SET_RESULTS */;
/*!40101 SET COLLATION_CONNECTION=@OLD_COLLATION_CONNECTION */;
